from,"[0, 0, 1, 0, 0, 0, 0, 1, 1, 1, 1, 0, 0, 0, 1, 0, 0, 0, 0, 1, 1, 1, 0, 0, 1, 1, 0, 0, 0, 0, 0, 1, 1, 0, 0, 0, 1, 0, 0, 0, 0, 1, 0, 0, 0, 0, 1, 0, 0, 0, 0, 1, 1, 0, 0, 1, 0, 0, 1, 1, 1, 1, 1, 1, 0, 1, 0, 1, 1, 1, 0, 0, 1, 0, 1, 0, 1, 1, 1, 1]"
fai,"[1, 1, 1, 1, 1, 0, 1, 1, 1]"
rest,"[0, 1, 1, 1, 1, 0, 1, 1, 1, 0, 0, 1, 0, 0, 1, 0]"
crea,"[1, 1]"
tures,"[0, 1, 0, 0, 0, 0, 0, 0, 0]"
we,"[1, 1, 0, 1, 1, 1, 0, 1, 1, 1, 1, 1, 0, 0, 1, 1, 0, 0, 0]"
de,"[0, 0, 0, 0, 0, 0, 0, 0, 0, 0, 0, 0, 0, 0, 0, 0, 0, 0, 0, 0, 0, 0, 0, 0, 0, 0, 0, 0, 0, 0, 0, 0, 1, 0, 0, 0, 0, 0, 0, 0, 0, 0, 0, 0, 0, 0, 0, 0, 0, 0, 0, 0, 0, 0, 0, 0, 0, 0, 0, 0, 0, 0, 0, 0, 0, 0, 0, 0, 0, 0, 0, 0, 1, 0, 0, 0, 0, 0, 0, 0, 0, 0, 0, 0, 0, 0, 0, 0, 0, 0, 0, 0, 0, 0, 0, 0, 0, 0, 0, 0, 0, 0, 0, 0, 0, 0, 0, 0, 0, 0, 0, 0, 0, 0, 0, 0, 0]"
sire,"[1, 1, 1, 1, 1, 1, 1, 1, 1, 1, 1, 1]"
in,"[0, 0, 1, 1, 0, 0, 0, 1, 1, 1, 1, 0, 0, 0, 0, 0, 0, 1, 1, 1, 0, 0, 0, 0, 0, 0, 0, 0, 0, 0, 1, 0, 1, 0, 1, 0, 0, 0, 0, 0, 1, 0, 0, 1, 0, 1, 1, 1, 1, 1, 1, 0, 0, 0, 0, 0, 0, 0, 1, 0, 1, 0, 1, 0, 0, 1, 1, 0, 1, 0, 0, 0, 1, 1, 0, 1, 1, 1, 1, 0, 0, 1, 1, 0, 0, 0, 1, 0, 1, 1, 1, 0, 0, 0, 0, 0, 0, 0, 1, 1, 0, 1, 0, 0, 0, 1, 1, 0, 0, 0, 0, 1, 0, 1, 1, 1, 0, 0, 0, 1, 0, 1, 1, 1, 0, 0, 0, 1, 0, 1, 0, 0, 1, 1, 1, 0, 1, 0, 1, 0, 0, 1, 0, 0, 0, 0, 1, 1, 1, 0, 0, 0, 0, 0, 1, 1, 1, 0, 0, 1, 0, 0, 0, 0, 0, 0, 0, 0, 0, 0, 0, 0, 0, 1, 0, 0, 1, 1, 0, 1, 0, 1, 1, 0, 0, 1, 0, 1, 0, 0, 0, 1, 1, 0, 0, 0, 0, 0, 0, 0, 0, 0, 0, 0, 0, 1, 1, 1, 0, 0, 0, 0, 0, 1, 0, 1, 1, 0, 1, 1, 1, 1, 1, 1, 1, 1, 1, 1, 0, 1, 0, 0, 1, 0, 0, 0, 0, 1, 0, 1, 1, 1, 0, 1, 0, 1, 0, 0, 0, 0, 1, 0, 0, 0, 0, 1, 0, 0, 1, 0, 0, 1, 0, 1, 0, 0, 1, 1, 1, 0, 0, 0, 1, 0, 1, 0, 0, 0, 0, 1, 0, 1, 1, 1, 0, 0, 0, 0, 0, 1, 1, 0, 1, 1, 1, 0, 0, 1, 0, 0, 1, 1, 1, 0, 0, 0, 0, 1, 1, 0, 0, 1, 0, 1, 1, 0, 1, 0, 1, 1, 0, 0, 1, 1, 1, 1, 1, 0, 1, 1, 0, 0, 1, 0, 0, 0, 0, 0, 1, 1, 0, 0, 0, 1, 1, 1, 0, 1, 0, 0, 1, 1, 1, 1, 0, 0, 1, 0, 1, 0, 0, 1, 1, 0, 0, 1, 1, 1, 1, 1, 0, 0, 0, 0, 0, 0, 0, 0, 0, 1, 1]"
crease,"[1, 1, 1, 1, 1]"
that,"[0, 1, 0, 1, 1, 0, 0, 1, 0, 0, 0, 0, 0, 0, 1, 0, 0, 0, 0, 1, 1, 0, 0, 0, 1, 0, 0, 0, 0, 0, 0, 0, 0, 0, 0, 0, 0, 0, 1, 0, 0, 0, 1, 0, 1, 0, 1, 0, 1, 0, 0, 0, 1, 0, 0, 0, 1, 0, 1, 0, 0, 0, 1, 0, 0, 0, 0, 0, 0, 0, 1, 0, 0, 0, 0, 0, 0, 1, 1, 0, 0, 0, 1, 0, 0, 1, 0, 0, 0, 0, 0, 1, 0, 0, 0, 1, 0, 0, 0, 1, 1, 1, 0, 1, 0, 0, 0, 0, 0, 1, 1, 0, 1, 0, 1, 0, 0, 0, 0, 0, 0, 0, 1, 0, 0, 1, 0, 0, 1, 0, 0, 0, 0, 0, 0, 0, 0, 1, 0, 0, 0, 1, 0, 0, 1, 1, 1, 1, 0, 0, 1, 0, 1, 0, 0, 0, 1, 0, 0, 0, 0, 0, 0, 1, 0, 0, 0, 1, 0, 0, 0, 0, 1, 1, 0, 0, 1, 1, 0, 1, 0, 1, 0, 0, 0, 0, 0, 0, 1, 1, 0, 0, 0, 0, 1, 0, 0, 1, 1, 0, 0, 1, 0, 0, 1, 0, 0, 0, 1, 1, 0, 0, 0, 1, 0, 0, 1, 0, 1, 1, 0, 0, 0, 1, 0, 0, 0, 0, 1, 0, 0, 0, 0, 0, 1, 1, 0, 0, 0, 1, 0, 1, 0, 0, 0, 1, 0, 0, 1, 0, 0, 0, 0, 0, 0, 0, 1, 0, 0, 0, 0, 0, 1, 0, 0, 0, 0, 0, 0, 0, 1, 1, 1, 0, 0, 0, 1, 0, 0, 1, 0, 0, 0, 0, 0, 0, 0, 0, 0, 1, 1, 0, 1, 0, 0, 1, 1, 0, 0, 1, 0, 0, 0, 0, 1, 0, 0, 0, 1, 1, 0, 0, 0, 1]"
there,"[1, 1, 0, 0, 1, 1, 0, 1, 0, 1, 0, 0, 1, 0, 0, 1, 1, 1, 1, 0, 1, 0, 1, 0, 1, 0, 0, 1, 0, 0, 1, 0, 0, 1, 0, 1, 0, 1]"
by,"[0, 0, 1, 1, 0, 0, 0, 1, 0, 1, 1, 0, 1, 0, 1, 0, 0, 0, 0, 0, 0, 0, 0, 0, 1, 0, 0, 1, 1, 0, 0, 1, 1, 0, 0, 0, 1, 1, 1, 0, 0, 0, 0, 0, 0, 1, 0, 0, 1, 1, 0, 1, 1, 1, 1, 1, 0, 1, 0, 0, 0, 0, 1, 0, 1, 0, 0, 0, 0, 0, 0, 0, 1, 0, 0, 0, 0, 0, 0, 1, 0, 0, 0, 0, 0, 0, 1, 1, 1, 1, 1, 1, 1, 0]"
be,"[1, 1, 0, 1, 1, 1, 1, 1, 0, 1, 1, 1, 0, 1, 0, 0, 1, 0, 0, 1, 1, 1, 1, 0, 1, 0, 1, 0, 1, 0, 1, 0, 0, 0, 1, 0, 0, 0, 0, 1, 1, 0, 0, 0, 0, 0, 0, 0, 1, 0, 1, 0, 1, 0, 1, 0, 1, 0, 1, 0, 0, 0, 0, 0, 1, 0, 0, 0, 0, 0, 0, 1, 1, 0, 0, 0, 1, 1, 0, 0, 0, 0, 0, 1, 0, 1, 1, 0, 1, 0, 1, 0, 0, 0, 1, 0, 0, 0, 1, 0, 1, 0, 1, 0, 0, 0, 0, 0, 0, 1, 0, 0, 1, 0, 1, 0, 0, 1, 1, 1, 0, 1, 0, 1, 1, 0, 1, 0, 1, 1, 1, 1, 0, 0, 1, 1, 0, 1, 1, 1, 0, 0, 0, 1, 0, 0, 1, 1, 0, 0, 1, 0, 1, 0, 0, 0, 1, 0, 0, 0, 0, 1, 1, 0, 0, 1, 1, 0, 0, 0, 0, 0, 0, 0, 0, 0, 0, 1, 0, 1, 0, 0, 0, 1, 0, 0, 0, 0, 0, 0, 1, 0, 1, 1, 1, 1, 0, 0, 1, 0, 0, 0, 0, 0, 0, 1, 0, 1, 0, 0, 0, 1, 0, 1, 1, 0, 0, 1, 0, 1, 0, 0, 1, 0, 0, 1, 1, 0, 0, 1, 1, 1, 1, 0, 0, 0, 1, 1, 1, 0, 0, 0, 0, 0, 0, 1, 0, 0, 0, 1, 1]"
autys,"[0, 0, 0, 0, 1, 0, 0, 0, 0, 0, 0, 0, 0, 0, 0, 0, 0, 1]"
rose,"[1, 1, 1, 1, 1, 1]"
might,"[0, 0, 1, 1, 1, 1, 0, 1, 1, 1, 0, 1, 0, 1, 1, 0, 1, 1, 1, 0, 1, 0, 0, 1, 1]"
ne,"[1, 1, 1, 0, 0, 1, 0, 1, 1, 1, 0, 1, 1, 0, 1, 1, 0, 1, 1, 0, 1, 1, 1, 0, 1, 1, 1, 0, 0, 0]"
ver,"[0, 1, 1, 0, 0, 0, 0, 0, 0, 1, 0, 1, 0, 0, 0, 0, 1, 0, 0, 0, 0, 0, 0, 0, 0, 1, 0, 0, 1, 0, 1, 0, 0, 0, 0, 0, 0, 0, 0, 0, 0, 0, 0, 0, 0]"
die,"[1, 0, 1, 1, 1, 1, 0, 1, 1, 1, 1, 1]"
but,"[0, 0, 0, 1, 0, 1, 0, 0, 0, 0, 0, 0, 0, 0, 1, 0, 0, 0, 0, 0, 0, 0, 0, 0, 0, 1, 0, 0, 0, 0, 0, 0, 0, 0, 0, 1, 0, 0, 0, 0, 1, 0, 0, 0, 1, 0, 0, 0, 0, 0, 0, 0, 0, 0, 0, 0, 0, 0, 0, 0, 0, 0, 0, 0, 1, 0, 0, 0, 0, 0, 0, 0, 0, 0, 0, 0, 1, 0, 0, 0, 0, 0, 0, 0, 0, 0, 1, 0, 0, 0, 0, 0, 0, 0, 0, 0, 0, 0, 0, 0, 0, 0, 0, 0, 0, 0, 0, 0, 0, 0, 0, 0, 0, 1, 0, 0, 1, 1, 0, 0, 0, 0, 0, 1, 0, 1, 0, 0, 0, 0, 0, 0, 1, 0, 0, 0, 0, 0, 0, 0, 1, 0, 0, 0, 0, 0, 0, 0, 1, 0, 0, 0, 0, 0, 0, 0, 0, 0, 0]"
as,"[1, 1, 0, 0, 0, 0, 0, 0, 0, 0, 1, 0, 1, 0, 1, 0, 0, 0, 0, 0, 0, 0, 0, 0, 1, 0, 0, 0, 0, 0, 0, 0, 0, 0, 0, 0, 1, 0, 1, 1, 1, 1, 0, 0, 0, 1, 0, 0, 0, 1, 0, 0, 0, 0, 1, 0, 0, 1, 0, 0, 1, 0, 0, 1, 0, 0, 0, 0, 0, 1, 1, 0, 1, 0, 0, 1, 0, 0, 0, 0, 0, 0, 0, 0, 1, 1, 1, 0, 0, 1, 0, 0, 0, 0, 0, 0, 0, 1, 0, 0, 0, 0, 0, 0, 0, 1, 0, 1, 0, 0, 0, 1, 0, 1, 0, 0, 0, 0, 0, 0, 0, 0, 0, 1, 1, 0, 0, 0, 0, 0, 0, 0, 0, 0]"
the,"[0, 0, 0, 0, 0, 0, 0, 0, 0, 0, 0, 0, 0, 0, 0, 0, 0, 0, 0, 0, 0, 0, 0, 1, 0, 0, 0, 0, 0, 0, 0, 0, 0, 0, 0, 0, 0, 0, 0, 0, 0, 0, 1, 0, 0, 0, 0, 0, 0, 0, 0, 1, 1, 0, 1, 0, 0, 0, 0, 0, 0, 0, 0, 0, 0, 0, 0, 0, 1, 0, 0, 0, 0, 0, 0, 0, 0, 0, 0, 0, 0, 0, 0, 0, 0, 0, 0, 0, 0, 0, 0, 0, 0, 0, 0, 0, 0, 0, 0, 0, 0, 0, 1, 0, 0, 0, 0, 0, 0, 0, 0, 0, 0, 1, 0, 1, 0, 0, 0, 0, 0, 0, 0, 1, 0, 0, 0, 0, 0, 0, 0, 0, 0, 0, 0, 0, 0, 0, 0, 0, 0, 0, 0, 0, 1, 0, 0, 0, 0, 0, 0, 0, 0, 0, 0, 0, 1, 1, 0, 0, 0, 0, 0, 0, 0, 0, 0, 0, 0, 0, 0, 0, 0, 0, 0, 1, 0, 0, 0, 0, 0, 0, 0, 0, 0, 0, 0, 0, 0, 0, 0, 0, 1, 0, 0, 0, 0, 0, 0, 1, 0, 0, 0, 0, 1, 0, 0, 0, 0, 0, 0, 0, 0, 0, 1, 0, 0, 0, 0, 0, 0, 0, 1, 0, 0, 0, 0, 0, 0, 0, 0, 0, 0, 0, 0, 0, 0, 0, 0, 0, 0, 0, 0, 0, 0, 0, 0, 0, 0, 0, 0, 0, 1, 0, 0, 0, 0, 0, 0, 0, 0, 0, 0, 0, 0, 0, 0, 0, 0, 0, 0, 0, 0, 0, 0, 0, 0, 0, 0, 0, 0, 0, 0, 0, 0, 1, 0, 0, 0, 0, 0, 0, 0, 0, 0, 0, 1, 0, 0, 0, 0, 0, 0, 0, 0, 1, 0, 0, 0, 0, 0, 0, 0, 0, 0, 0, 0, 0, 1, 1, 0, 0, 1, 0, 0, 0, 0, 0, 0, 0, 0, 0, 0, 0, 0, 0, 0, 0, 0, 0, 0, 0, 0, 0, 0, 0, 0, 0, 0, 0, 0, 1, 0, 0, 0, 0, 0, 0, 0, 1, 0, 1, 0, 0, 0, 0, 0, 0, 0, 0, 1, 1, 0, 0, 0, 1, 0, 0, 0, 0, 0, 0, 0, 0, 0, 0, 0, 0, 0, 0, 0, 0, 0, 0, 0, 0, 0, 0, 0, 0, 0, 0, 0, 0, 0, 0, 0, 0, 0, 1, 0, 1, 0, 0, 0, 0, 0, 0, 0, 0, 0, 0, 0, 0, 0, 0, 0, 0]"
ri,"[1, 0, 0, 0, 0, 0, 0, 0, 1, 1, 0, 0, 0, 0, 0, 1, 0, 1, 1, 1, 0, 0, 1]"
per,"[0, 0, 0, 0, 0, 1, 1, 1, 0, 0, 1, 1, 0, 0, 0, 0, 0, 0, 1, 0, 1, 1, 1, 0, 1, 1, 0]"
should,"[1, 0, 0, 0, 1, 1, 0, 1, 1, 1, 0, 0, 1, 1, 1, 0, 1, 1, 1, 1, 1, 1, 1, 1, 1, 0, 0, 0, 0, 0, 1, 0, 0, 0, 0, 1, 1, 0, 1, 1, 1, 1, 1, 0]"
time,"[1, 1, 1, 1, 1, 1, 1, 1, 1, 1, 1, 1, 1, 1, 1, 1, 1, 1, 1, 1, 0, 1, 1, 0, 1, 1, 1, 1, 1, 1, 1, 0, 1, 0, 1, 1, 1, 1, 1, 1, 1, 1, 1, 1, 1, 0, 1, 1, 1, 1, 1, 1, 1, 1, 1, 1, 1, 1, 1]"
cease,"[1, 1, 1, 1]"
his,"[0, 0, 0, 1, 0, 0, 0, 0, 0, 0, 1, 0, 0, 0, 1, 0, 1, 0, 0, 1, 0, 0, 0, 0, 0, 1, 0, 0, 0, 0, 0, 0, 0, 0, 0, 1, 0, 0, 0, 0, 0, 0, 0, 0, 0, 0, 0, 0, 0, 0, 1, 0, 0, 0, 1, 0, 0, 0, 0, 0, 0, 0, 0, 1, 0, 0, 0, 0, 0, 1, 0, 1, 0, 0, 1, 0, 0, 0, 0, 0, 0, 0, 0, 0, 0, 0, 0, 0, 1, 1, 0, 0, 0, 0, 0, 1, 0, 0, 0, 0, 0, 1, 1, 0, 1, 0, 0]"
ten,"[1, 1, 1, 1, 0, 1, 0, 1, 0, 1, 0, 1, 1, 0, 1, 1, 1, 0, 1, 1, 1, 1, 0, 1, 1, 1, 1, 0]"
der,"[0, 0, 0, 0, 0, 0, 0, 0, 0, 0, 0, 1, 0, 0, 1, 0, 0, 0, 0, 1, 0, 0, 0, 0, 0, 1, 0]"
heir,"[1, 1, 1]"
bear,"[1, 1, 1, 1, 0, 1, 1, 1, 1, 1, 1, 1, 1, 0, 1, 1, 0]"
me,"[1, 1, 0, 1, 1, 1, 1, 0, 0, 0, 1, 0, 1, 1, 0, 0, 0, 1, 0, 1, 1, 0, 0, 0, 0, 1, 1, 1, 1, 1, 1, 1, 1, 1, 1, 1, 1, 1, 1, 1, 0, 1, 1, 1, 0, 0, 1, 0, 1, 1, 0, 1, 0, 0, 1, 1, 1, 0, 0, 1, 1, 0, 1, 1, 0, 0, 1, 1, 0, 1, 0, 1, 1, 1, 1, 1, 1, 0, 1, 1, 1, 1, 0, 0, 1, 1, 0, 1, 0, 0, 1, 1, 0, 1, 1, 1, 0, 0, 0, 0, 0, 0, 1, 1, 1, 0, 1, 1, 1, 0, 0, 1, 1, 1, 1, 0, 0, 0, 1, 0, 1, 1, 0, 0, 0, 0, 1, 0, 0, 1, 1, 1, 0, 1, 1, 1, 0, 1, 1, 1, 0, 1, 1, 1, 0, 1, 1, 1, 1, 1, 0, 0, 1, 0, 0, 0, 1, 1, 1, 0, 1, 1, 1, 0, 0, 0, 0, 1, 1, 1, 0, 0, 1, 0, 1, 0, 1, 1, 0, 0, 1, 1, 1, 0]"
mo,"[0, 1, 0, 1, 1, 1, 1, 1, 0, 1, 1, 0, 1, 0, 0, 0, 1, 1, 1, 1, 1, 1, 1, 1, 1, 0, 1, 1, 1]"
ry,"[1, 1, 0, 1, 1, 0, 0, 0, 0, 0, 0, 1, 0, 1, 1, 1, 0, 1, 1, 0, 0, 1, 1, 1, 0, 1, 0, 0, 1, 0, 0, 0, 0, 1, 0, 1, 0, 1, 1, 0, 0, 0, 0, 1]"
thou,"[1, 0, 1, 1, 0, 0, 0, 0, 0, 1, 0, 0, 1, 0, 0, 0, 0, 1, 0, 0, 1, 1, 0, 0, 0, 1, 1, 0, 1, 0, 1, 1, 0, 0, 0, 1, 0, 1, 0, 1, 1, 0, 1, 0, 0, 1, 0, 0, 0, 0, 0, 1, 0, 0, 1, 0, 1, 0, 0, 1, 1, 0, 0, 1, 1, 0, 0, 1, 1, 1, 0, 1, 1, 1, 1, 1, 1, 0, 0, 0, 0, 1, 0, 1, 0, 1, 0, 0, 0, 0, 0, 1, 1, 1, 1, 1, 1, 1, 1, 0, 0, 0, 1, 0, 1, 0, 0, 1, 0, 1, 1, 0, 1, 1, 1, 1, 1, 0, 1, 0, 0, 0, 1, 1, 1, 0, 0, 0, 0, 1, 1, 0, 1, 1, 0, 0, 0, 0, 0, 0, 0, 1, 0, 1, 0, 0, 1, 0, 1, 1, 0, 0, 0, 1, 0, 1, 0, 0, 1, 1, 1, 0, 0, 0, 1, 1, 1, 0, 1, 1, 0, 1, 0, 1, 0, 0, 1, 0, 1, 1, 1, 0, 1, 0, 0, 0, 0, 0, 1, 0, 0, 0, 0, 0, 1, 1, 1, 0, 0, 0, 1, 1, 0, 0, 0, 0, 0, 0, 1, 1, 1, 0, 1, 1, 1, 0, 0, 0, 1, 1, 0, 1, 1, 0, 0, 1, 1, 0, 0, 1, 0, 1, 1, 0, 1]"
con,"[0, 0, 0, 1, 0, 1, 0, 0, 0, 0, 0, 0, 0, 0, 0, 0, 0, 0, 0, 1, 0, 0, 0, 0, 0, 0, 1, 0, 0, 0, 0, 0, 0, 1, 1, 0, 0, 0, 0, 1, 0, 0, 0, 1, 0, 0, 0, 0, 0, 0, 1, 0, 0, 0, 1, 0, 0, 1]"
trac,"[1, 1, 1]"
ted,"[0, 0, 0, 0, 0, 0, 0, 0, 0, 0, 0, 0, 0, 0, 0, 1, 0, 0, 0, 0, 0, 0, 0, 0, 0, 0, 0, 0, 0, 0, 0, 0]"
to,"[1, 0, 1, 0, 0, 0, 0, 0, 0, 0, 1, 0, 1, 0, 0, 0, 1, 0, 1, 0, 0, 0, 0, 1, 0, 1, 1, 0, 1, 1, 0, 1, 0, 0, 0, 0, 0, 0, 0, 0, 1, 0, 0, 0, 1, 1, 1, 0, 1, 0, 1, 0, 0, 0, 0, 1, 0, 0, 0, 0, 0, 0, 0, 0, 0, 1, 0, 0, 1, 0, 0, 1, 0, 0, 1, 0, 1, 0, 0, 0, 0, 0, 0, 0, 0, 1, 0, 1, 0, 0, 1, 1, 1, 1, 0, 1, 1, 0, 0, 0, 0, 1, 0, 0, 0, 0, 0, 1, 0, 0, 0, 0, 0, 1, 0, 1, 1, 1, 0, 0, 1, 0, 1, 0, 0, 0, 0, 0, 1, 0, 1, 0, 1, 0, 1, 0, 1, 1, 0, 0, 0, 0, 1, 0, 0, 0, 0, 0, 0, 0, 0, 0, 0, 0, 1, 1, 0, 0, 1, 0, 1, 0, 0, 0, 0, 0, 1, 0, 0, 0, 1, 0, 0, 0, 0, 0, 0, 1, 0, 0, 1, 0, 1, 1, 0, 0, 0, 0, 0, 0, 1, 0, 1, 0, 0, 0, 0, 1, 0, 0, 0, 0, 1, 0, 0, 0, 0, 0, 0, 1, 0, 0, 1, 1, 1, 0, 1, 0, 0, 1, 0, 0, 1, 0, 0, 0, 0, 0, 0, 0, 0, 0, 0, 0, 0, 0, 1, 1, 1, 0, 0, 0, 0, 1, 0, 0, 0, 1, 1, 0, 0, 1, 0, 0, 0, 0, 0, 0, 1, 0, 0, 0, 0, 0, 0, 0, 0, 0, 0, 0, 0, 1, 0, 1, 0, 0, 0, 0, 1, 0, 1, 0, 0, 1, 0, 1, 0, 0, 0, 0, 0, 0, 1, 1, 0, 1, 1, 0, 0, 1, 1, 0, 1, 0, 1, 0, 0, 0, 0, 1, 1, 0, 0, 0, 0, 0, 0, 0, 0, 0, 0, 0, 1, 0, 1, 1, 1, 0, 0, 0, 0, 0, 1, 1, 0, 0, 1, 1, 1, 0, 0, 1, 0, 0, 0, 0, 0, 0, 0, 0, 1, 0, 0, 0, 0, 1, 1, 1, 0, 0, 0, 0, 1, 1, 0, 0, 0, 0, 0, 0, 1, 1, 0, 1, 0, 1, 0, 1, 0, 1, 0, 0, 0, 0, 0, 0, 1, 0, 0, 0, 0, 0, 0, 1, 0, 0, 0, 0, 0, 1, 0, 0, 1, 0, 1, 0, 0, 0, 0, 0, 0, 0, 0, 0, 0, 1, 0, 0, 1, 0]"
thine,"[0, 0, 0, 1, 0, 0, 1, 0, 1, 0, 1, 1, 1, 0, 0, 1, 1, 0, 1, 1, 1, 0, 1, 1, 0, 0, 0, 1, 0, 1, 1, 0, 1, 0, 1, 1, 1, 0, 0, 1, 1, 1, 1, 0]"
own,"[1, 1, 1, 1, 1, 1, 0, 1, 1, 1, 1, 1, 1, 1, 1, 1, 1, 1, 1, 1, 0, 1, 0, 1, 0, 0, 1, 1, 0]"
bright,"[0, 1, 1, 1, 1, 1, 1, 0, 1, 1, 1]"
eyes,"[1, 1, 1, 1, 1, 1, 1, 1, 1, 1, 1, 1, 1, 1, 1, 1, 1, 1, 1, 1, 1, 0, 1, 1, 1, 1, 1, 1, 1, 1, 1, 1, 1, 1, 1, 1, 1, 1, 1, 1, 1, 1, 1, 1, 0, 0, 1, 0, 1, 0, 1, 0, 1, 1, 1, 1]"
feedst,[0]
thy,"[1, 0, 0, 1, 1, 0, 0, 0, 0, 0, 0, 0, 0, 0, 0, 0, 0, 0, 0, 0, 0, 0, 0, 0, 0, 0, 0, 0, 0, 0, 0, 0, 0, 0, 0, 0, 0, 0, 1, 0, 0, 0, 0, 0, 1, 0, 0, 0, 0, 0, 0, 0, 0, 0, 1, 0, 1, 0, 0, 1, 0, 1, 1, 1, 0, 0, 0, 0, 0, 0, 0, 0, 1, 0, 0, 0, 0, 0, 1, 0, 0, 0, 0, 0, 0, 0, 0, 0, 0, 0, 1, 0, 0, 1, 0, 0, 0, 0, 0, 0, 0, 0, 0, 0, 0, 0, 0, 0, 0, 0, 0, 0, 0, 0, 0, 0, 0, 0, 0, 1, 0, 0, 1, 0, 0, 0, 0, 0, 0, 0, 0, 0, 0, 0, 0, 0, 0, 0, 0, 1, 0, 0, 0, 0, 1, 0, 0, 0, 1, 0, 0, 0, 0, 0, 1, 0, 0, 0, 0, 0, 0, 0, 0, 0, 0, 0, 0, 1, 0, 0, 0, 0, 1, 0, 0, 1, 0, 0, 1, 0, 0, 0, 0, 0, 0, 0, 0, 0, 0, 0, 0, 0, 0, 0, 0, 0, 0, 0, 0, 1, 1, 0, 0, 1, 1, 0, 0, 0, 0, 0, 0, 1, 0, 0, 1, 1, 0, 0, 1, 0, 0, 0, 1, 0, 0, 0, 0, 0, 0, 0, 0, 0, 0, 0, 0, 1, 0, 1, 0, 0, 0, 1, 0, 0, 1, 0, 0, 0, 0, 0, 0, 1, 0, 0, 1, 1, 0, 1, 0, 0, 0, 0, 0, 0, 0, 0, 0, 0, 0, 1, 0, 0, 1, 0, 0, 0, 1, 0, 0, 1, 1, 0, 0, 1, 0, 0, 0]"
lights,"[0, 1, 1]"
flame,"[1, 1, 1]"
with,"[0, 0, 1, 0, 0, 0, 0, 0, 0, 0, 0, 1, 0, 0, 0, 0, 0, 1, 0, 0, 0, 0, 1, 1, 1, 0, 0, 0, 1, 0, 0, 0, 0, 1, 0, 0, 0, 1, 1, 0, 0, 0, 0, 1, 0, 0, 0, 1, 1, 1, 0, 1, 1, 0, 0, 0, 0, 0, 0, 1, 0, 0, 0, 0, 0, 0, 1, 0, 1, 0, 0, 0, 0, 0, 0, 0, 0, 1, 1, 1, 0, 0, 0, 0, 1, 1, 0, 1, 0, 0, 0, 0, 0, 0, 0, 1, 1, 1, 1, 1, 0, 0, 0, 0, 1, 1, 0, 0, 0, 0, 0, 1, 0, 0, 1, 0, 1, 0, 1, 0, 0, 0, 1, 0, 1, 0, 1, 1, 1, 1, 1, 1, 0, 0, 0, 0, 1, 0, 0, 0, 0, 0, 0, 1, 0, 0, 0, 0, 1, 0, 1, 0, 1, 0, 0, 1, 0, 0, 0, 0, 0, 1, 1, 0, 0, 0, 1, 1, 0, 0, 0, 0, 0, 1, 0, 0, 0, 0, 0, 0, 0]"
self,"[1, 1, 1, 0, 1, 1, 1, 0, 0, 1, 1, 0, 1, 1, 1, 1, 1, 1, 1, 1, 1, 1, 1, 1, 1, 1, 1, 0, 1, 1, 1, 1, 1, 1, 1, 1, 1, 1, 0, 1, 1, 1, 1, 1, 1, 1, 1, 0, 0, 1, 1, 0, 0, 1, 1, 1, 1, 1, 1, 1, 1, 1, 1, 1, 1, 1, 1, 1, 1, 1, 1, 1, 1, 1, 1, 0, 1, 1, 1, 1, 1, 1, 1, 1, 1, 1, 1, 1, 0]"
subs,[0]
tan,"[1, 0, 0, 0, 0]"
tial,"[0, 0, 0]"
fuel,[1]
ma,"[0, 1, 1, 1, 0, 1, 1, 1, 0, 1, 0, 1, 0, 1, 1, 1, 0, 0, 1, 1, 0, 1, 1, 1, 1, 1, 0, 0, 1, 1, 1]"
king,"[1, 1, 0, 1, 1, 1, 0, 0, 0, 1, 1, 1, 0, 0, 1, 0, 1, 0, 1, 0]"
a,"[0, 0, 0, 1, 0, 0, 0, 0, 0, 0, 0, 0, 0, 0, 0, 0, 0, 0, 0, 0, 0, 0, 0, 0, 0, 0, 0, 0, 0, 0, 0, 0, 0, 0, 0, 0, 0, 0, 1, 1, 0, 0, 0, 0, 0, 0, 0, 0, 0, 0, 0, 0, 0, 0, 0, 0, 0, 0, 0, 0, 0, 0, 0, 0, 1, 1, 0, 0, 0, 0, 0, 0, 0, 0, 0, 0, 0, 0, 0, 0, 0, 0, 0, 0, 0, 0, 0, 0, 0, 1, 0, 0, 0, 0, 0, 0, 0, 0, 1, 0, 0, 1, 0, 0, 0, 1, 0, 0, 0, 0, 0, 0, 1, 0, 0, 0, 1, 0, 0, 0, 0, 0, 0, 0, 0, 0, 0, 0, 0, 0, 0, 0, 0, 0, 0, 0, 0, 0, 0, 0, 0, 0, 0, 0, 1, 0, 0, 0, 0, 1, 0, 0, 0, 0, 0, 0, 0, 0, 0, 0, 1, 0, 0, 0, 0, 0, 0, 0, 0, 0, 0, 1, 0, 0, 1, 0, 0, 0, 0, 0, 0, 0, 0, 0, 0, 0, 0, 0, 0, 0, 0, 0, 0, 0, 0, 0, 1, 1, 0, 0, 0, 0, 0, 0, 0, 0, 0, 0, 1, 0, 1, 0, 0, 0, 0, 1, 1, 0, 0, 0, 1, 0, 0, 0, 1, 0, 0, 0, 0, 0, 0, 0, 0, 0, 0, 0, 0, 0, 0, 0, 0, 0, 1, 0, 0, 0, 0, 0, 0, 0, 0, 0, 0, 0, 0, 1, 0, 1, 0, 1, 0, 1, 0, 0, 0, 0, 0, 0, 0, 0, 1, 0, 0, 0, 0, 0, 0, 0, 0, 0, 0, 0, 0, 0, 0, 0, 1, 0, 0, 0, 0, 0, 0, 0, 0, 0, 0, 0, 0, 0, 0, 0, 0, 0, 0, 0, 0, 0, 0, 1, 0, 0, 0, 0, 0, 0, 0, 0]"
fa,"[1, 1, 1, 1, 1, 1, 0, 1, 1, 0, 0, 0, 1, 1, 1]"
mine,"[0, 1, 0, 1, 0, 0, 0, 0, 1, 0, 1, 1, 0, 1, 0, 0, 0, 1, 0, 0, 0, 0, 0, 0, 0, 0, 0, 0, 0, 0, 0, 0, 1, 0, 0, 0, 1, 1, 1, 1, 0, 0, 1, 1, 1, 0, 0, 1, 0, 0, 1, 0, 0, 0, 1, 1, 0, 1, 0, 0, 0, 1, 1, 1]"
where,"[1, 0, 0, 1, 0, 1, 0, 0, 1, 0, 0, 0, 0, 1, 0, 0, 0, 1, 1, 1, 0, 0, 1, 1, 0, 1, 1, 1, 1, 1, 0, 0, 1, 0, 0, 1, 1, 1, 0, 1, 1, 0, 1, 1, 0, 0, 0, 1, 0, 0, 1, 1, 1, 1, 0, 0, 0]"
bun,"[1, 1, 1, 1, 1]"
dance,"[0, 0, 0, 0]"
lies,"[1, 1, 1, 1, 0, 1, 0, 1, 1, 1, 1, 1, 1]"
foe,[1]
sweet,"[0, 1, 1, 1, 1, 0, 0, 0, 0, 0, 0, 1, 0, 0, 1, 0, 0, 0, 0, 1, 0, 1, 0, 0, 0, 0, 1, 0, 1, 1, 1, 0, 1, 0, 0, 0, 0, 1, 0, 1, 0, 1, 1, 1, 0, 1, 0, 1, 1, 0, 0, 0, 0, 0, 1, 1, 0, 0, 0, 1, 1, 1]"
too,"[0, 0, 0, 0, 1, 0, 0, 0, 0, 0, 0, 1, 0, 0, 1, 1, 0, 0]"
cruel,"[1, 1]"
art,"[0, 0, 1, 1, 0, 0, 1, 0, 1, 1, 1, 1, 1, 0, 1, 1, 0, 1, 1, 1, 0, 0, 0, 0, 1, 1, 1, 1, 1, 1, 0, 0, 1, 1, 1, 1, 1, 1, 0, 1, 1, 1, 1, 1, 1, 1, 0, 1, 0, 1, 0]"
now,"[1, 1, 0, 1, 1, 0, 0, 1, 1, 1, 1, 1, 1, 1, 1, 1, 0, 0, 1, 1, 0, 0, 1, 1, 0, 1, 1, 1, 1, 1, 1, 0, 0, 1, 0, 1, 0, 1, 1, 1, 1, 1, 0, 1, 0, 1]"
worlds,"[1, 1, 0, 0, 1]"
fresh,"[0, 1, 0, 0, 1, 1, 1, 0]"
or,"[1, 0, 0, 0, 0, 1, 0, 0, 0, 0, 0, 0, 1, 0, 0, 1, 0, 1, 0, 0, 0, 0, 0, 0, 1, 0, 0, 0, 1, 0, 0, 0, 0, 1, 0, 0, 0, 0, 0, 0, 1, 1, 1, 0, 0, 0, 1, 0, 0, 0, 1, 0, 0, 0, 0, 0, 0, 0, 0, 0, 0, 0, 0, 0, 0, 0, 1, 0, 0, 0, 0, 0, 0, 0, 0, 0, 0, 0, 0, 0, 0, 0, 0, 1, 0, 0]"
na,"[0, 0, 1, 0, 1, 1, 1, 1, 1, 0, 1, 0, 0, 1, 0, 1, 0, 1, 0, 1, 1, 0, 1, 1, 1, 1, 1, 0]"
ment,"[1, 0, 1, 1, 0, 1, 0, 1, 0, 1, 1, 1, 1, 1, 0, 0, 1, 1, 1, 1, 0, 1, 0, 0, 0]"
and,"[0, 0, 0, 0, 0, 0, 0, 0, 0, 1, 0, 0, 1, 0, 0, 1, 0, 0, 0, 0, 1, 0, 0, 1, 0, 0, 0, 0, 0, 0, 0, 0, 0, 0, 0, 0, 0, 0, 0, 0, 0, 0, 0, 1, 0, 0, 0, 0, 0, 0, 0, 0, 0, 0, 1, 0, 0, 0, 0, 0, 0, 0, 0, 0, 0, 0, 0, 0, 0, 0, 0, 0, 0, 0, 0, 0, 0, 1, 0, 0, 1, 0, 0, 0, 0, 0, 1, 0, 0, 0, 0, 0, 1, 0, 0, 0, 0, 0, 0, 0, 0, 0, 0, 0, 0, 0, 1, 0, 0, 0, 0, 0, 0, 0, 0, 0, 0, 1, 0, 0, 0, 0, 0, 0, 0, 0, 0, 0, 0, 0, 0, 1, 0, 0, 0, 1, 0, 0, 1, 0, 0, 0, 0, 0, 0, 0, 0, 0, 0, 0, 1, 0, 0, 0, 0, 0, 0, 0, 0, 1, 0, 0, 0, 0, 0, 1, 0, 1, 0, 1, 0, 0, 0, 0, 0, 0, 0, 0, 0, 0, 0, 0, 0, 0, 0, 0, 0, 0, 0, 0, 0, 0, 0, 0, 0, 1, 0, 0, 0, 0, 0, 0, 0, 0, 0, 0, 0, 0, 0, 0, 0, 0, 0, 0, 0, 0, 0, 0, 0, 0, 0, 0, 0, 0, 0, 0, 0, 0, 0, 0, 0, 0, 1, 1, 0, 0, 0, 1, 0, 0, 0, 0, 0, 0, 0, 0, 0, 0, 0, 0, 0, 0, 0, 0, 0, 1, 0, 0, 1, 0, 0, 0, 0, 0, 0, 0, 0, 0, 0, 0, 0, 0, 0, 0, 0, 0, 0, 0, 0, 1, 1, 0, 0, 0, 0, 0, 0, 0, 0, 0, 0, 0, 0, 0, 0, 0, 0, 0, 0, 0, 0, 0, 0, 0, 1, 0, 1, 1, 0, 0, 1, 0, 0, 0, 0, 0, 0, 0, 0, 0, 0, 0, 0, 0, 0, 0, 0, 1, 0, 1, 1, 0, 0, 0, 0, 0, 0, 0, 0, 0, 0, 0, 0, 0, 0, 0, 0, 0, 0, 0, 0, 0, 0, 0, 0, 0, 0, 0, 1, 0, 1, 0, 1, 0, 0, 1, 0, 1, 0, 0, 1, 0, 0, 0, 0, 0, 0, 0, 0, 0, 0, 0, 0, 0, 0, 0, 0, 0, 0, 0, 0, 0, 0, 0, 0, 0, 0, 0, 0, 0, 0, 0, 1, 0, 1, 1, 0, 1, 0, 0, 0, 0, 1, 0, 0, 0, 0, 0, 0, 0, 0, 0, 0, 0, 0, 0, 0, 0, 0, 0, 0, 0, 0, 0, 0, 0, 0, 0, 0, 0, 0, 0, 0, 0, 0, 0, 0, 0, 0, 0, 0, 0, 0, 0, 0, 0, 0, 0, 0, 1, 0, 0, 0, 0, 0, 1, 0, 0, 0, 1, 0, 0, 0, 0, 0, 0, 0, 0, 0, 0, 0, 0, 0, 0, 0]"
on,"[1, 0, 1, 1, 0, 1, 1, 1, 1, 1, 1, 0, 1, 1, 0, 0, 0, 0, 1, 0, 0, 0, 0, 1, 0, 1, 0, 1, 1, 1, 1, 1, 1, 1, 0, 1, 1, 0, 1, 1, 1, 1, 0, 1, 1, 1, 1, 0, 0, 0, 0, 0, 0, 1, 1, 0, 1, 1, 1, 0, 1, 0, 1, 1, 0, 0, 0, 0, 1, 1, 0, 0, 1, 1, 0, 0, 1, 1, 1, 1, 0, 0, 0, 0, 0, 0, 0, 1, 0, 0, 0, 1]"
ly,"[0, 0, 0, 0, 0, 0, 0, 0, 0, 0, 0, 1, 0, 1, 1, 0, 0, 0, 0, 0, 0, 0, 0, 0, 0, 1, 0, 0, 1, 0, 0, 0, 1, 1, 0, 1, 0, 0, 0, 0, 0, 0, 0, 1, 0, 0, 0, 0, 0, 0, 0, 1, 0, 0, 0, 0, 1, 0, 0, 0, 0, 0, 0, 0, 1, 1, 0, 0, 0, 1]"
he,"[1, 1, 0, 0, 0, 1, 1, 0, 0, 0, 1, 0, 1, 1, 1, 1, 0, 1, 0, 1, 0, 1, 1, 1, 0, 0, 1, 0, 0, 0, 0, 0, 1, 0, 1, 0, 0, 1, 1, 1, 0, 0, 1, 0, 1, 1, 1, 1, 1, 1, 0, 0, 0, 0]"
rald,[0]
gau,[1]
dy,"[0, 0, 1, 0, 0, 0, 0, 1, 1, 0, 1]"
spring,"[1, 1, 1, 1, 1]"
wi,"[0, 0, 1, 1, 1, 1, 0, 0, 0, 0, 0, 0, 0, 1, 0, 0, 0, 1, 0, 0, 0, 0, 1, 0, 0, 0, 0]"
thin,"[1, 1, 1, 1, 1, 1, 1, 1, 1, 1, 1, 1, 1, 1, 1]"
bud,"[0, 1, 1]"
bu,"[1, 1, 1, 1, 1, 1, 1, 1]"
riest,[0]
tent,"[1, 0, 1, 1, 1]"
churl,"[1, 0]"
makst,"[0, 1]"
waste,"[1, 1, 1, 1, 1, 1, 0, 1, 1]"
nig,"[1, 1, 1]"
gar,"[0, 1, 0, 0, 0, 1, 1, 0]"
ding,"[1, 0, 0, 1, 0, 1, 1, 0, 0, 0, 0, 1, 0, 1, 0, 0, 1, 0, 0, 0]"
pi,"[0, 0, 1, 0, 1, 0, 1, 0, 1, 1, 1, 1, 1]"
ty,"[1, 0, 0, 0, 0, 1, 0, 0, 1, 0, 1, 0, 1, 1, 0, 0, 0, 0, 0, 0, 0, 1, 0, 1, 0, 0, 0, 0, 0, 1, 0, 0, 1, 0, 1, 0, 0, 0, 0, 1, 1, 0, 0, 0, 0, 1, 1, 1, 1, 1, 1, 1, 0, 0, 0, 0, 1, 0, 0, 1, 1, 1, 1, 1, 0, 0, 0, 0, 0, 0, 1, 1, 0, 0, 0, 0, 1, 0, 0, 0, 0, 1, 1, 0, 0, 0, 0, 1, 1, 0, 1, 0, 0, 1, 1, 1, 1, 1, 1, 0, 0, 0, 0, 0, 0, 1, 0, 0, 0, 0, 0, 0, 1, 0, 0]"
world,"[1, 1, 1, 1, 1, 1, 1, 1, 1, 1, 1, 1, 1, 1, 1, 1, 1, 1, 1, 1, 1, 1, 1, 1, 1, 1]"
else,"[1, 1, 1, 0, 1, 1, 0, 0]"
this,"[0, 1, 0, 1, 1, 0, 0, 0, 1, 1, 0, 1, 0, 1, 1, 1, 0, 0, 1, 0, 0, 1, 1, 1, 1, 0, 0, 0, 1, 0, 0, 0, 0, 0, 1, 0, 0, 0, 1, 1, 1, 0, 0, 0, 0, 0, 1, 1, 1, 0, 0, 1, 0, 0, 1, 1, 1, 0, 0, 1, 0, 0, 1, 1, 1, 0, 1, 1, 1, 0, 1, 1, 0, 1, 1, 1, 1, 1, 0, 0, 1, 0, 0, 0, 1, 1, 0, 1, 1, 0, 0, 1, 1, 0, 1, 1, 1, 1, 0, 1, 0, 1, 0, 0, 1]"
glut,"[1, 1]"
ton,"[0, 0, 1, 1, 1, 0, 0, 1]"
eat,"[1, 1, 0]"
due,"[0, 1, 1, 0, 1, 1]"
grave,"[1, 1, 1]"
thee,"[1, 1, 1, 1, 0, 1, 1, 1, 1, 0, 0, 1, 0, 1, 1, 1, 0, 0, 0, 1, 0, 1, 0, 0, 1, 0, 1, 1, 0, 1, 1, 1, 1, 1, 1, 1, 0, 1, 1, 1, 0, 0, 1, 1, 1, 1, 1, 0, 0, 0, 1, 1, 1, 1, 0, 1, 0, 1, 1, 1, 1, 1, 0, 0, 1, 1, 0, 1, 1, 1, 1, 1, 1, 1, 0, 1, 1, 1, 1, 0, 0, 1, 0, 1, 1, 1, 0, 1, 0, 1, 1, 0, 1, 1, 1, 1, 0, 0, 1, 0, 1, 1, 1, 1, 1, 1, 1, 0, 1, 1, 1, 0, 1, 0, 0, 1, 1, 0, 1, 1, 1, 1, 0, 0, 1, 0, 1, 0, 1, 1, 0, 0, 0, 1, 0, 0, 1, 0, 1, 1, 1, 1, 1, 1, 0, 0, 0, 1, 1, 1, 0, 0, 1, 1, 1, 1, 1, 0]"
when,"[0, 0, 1, 0, 1, 1, 0, 0, 0, 0, 0, 1, 0, 0, 0, 0, 1, 0, 0, 0, 0, 0, 0, 0, 0, 0, 0, 0, 0, 0, 1, 0, 1, 0, 0, 0, 0, 1, 0, 1, 0, 0, 0, 0, 0, 1, 0, 0, 0, 0, 1, 0, 1, 0, 1, 0, 0, 0, 0, 0, 0, 0, 0, 0, 1, 0, 0, 0, 0, 0, 1, 0, 1, 0, 1, 1, 0, 0, 0, 0, 1, 1, 1, 0, 0, 0, 0, 0, 1, 1, 1, 0, 0, 0, 0, 1, 1, 0, 1, 1, 1, 0, 0, 0, 0]"
for,"[1, 0, 0, 0, 0, 1, 0, 0, 0, 0, 1, 0, 0, 0, 1, 0, 1, 0, 1, 0, 0, 1, 0, 0, 0, 1, 1, 0, 0, 0, 0, 0, 0, 0, 1, 0, 0, 0, 0, 0, 0, 0, 0, 1, 1, 0, 0, 1, 1, 1, 1, 1, 1, 0, 0, 0, 1, 0, 0, 0, 0, 0, 1, 0, 0, 0, 0, 0, 0, 0, 0, 1, 0, 0, 1, 0, 0, 0, 0, 0, 1, 1, 0, 0, 1, 1, 1, 1, 1, 1, 0, 1, 1, 1, 0, 1, 0, 0, 0, 1, 0, 0, 0, 1, 0, 0, 0, 1, 0, 0, 1, 1, 1, 0, 1, 0, 0, 1, 0, 1, 1, 1, 0, 0, 1, 0, 1, 0, 1, 0, 0, 1, 1, 1, 0, 0, 0, 0, 1, 0, 0, 1, 1, 1, 1, 0, 0, 0, 0, 0, 0, 1, 0, 1, 0, 1, 0, 0, 1, 1, 1, 0, 0, 0, 0, 1, 0, 0, 0, 1, 0, 0, 1, 0, 0, 1, 0, 0, 0, 1, 0, 0, 0, 0, 0, 0, 1, 0, 0, 1, 0, 0, 1, 1, 0, 0, 0, 0, 0, 0, 1, 0, 0, 0, 0, 0, 0, 0, 0, 0]"
win,"[1, 1, 1, 1, 1, 1, 1, 1, 1, 1, 0, 1, 1, 1, 1, 1, 1, 1, 1]"
ters,"[0, 0, 0, 0, 0, 0, 0, 0, 0, 0, 1]"
shall,"[1, 0, 0, 1, 1, 0, 1, 1, 0, 0, 0, 1, 0, 0, 0, 1, 0, 1, 0, 1, 0, 0, 0, 0, 0, 0, 0, 0, 1, 0, 0, 0, 0, 0, 0, 0, 0, 0, 0, 0, 0, 0, 1, 1, 0, 1, 0, 0, 1, 1, 1, 0, 1, 1, 0, 0, 0, 0, 1]"
siege,"[1, 1, 1]"
brow,"[1, 1, 1, 1, 1, 1, 1, 1]"
dig,"[1, 1, 1, 1]"
deep,"[0, 0, 1, 1, 1, 1, 0, 0, 0]"
tren,[1]
ches,"[0, 0, 0, 0, 0, 0, 0, 0]"
field,[1]
youths,[1]
proud,"[0, 1, 0, 0, 1, 1, 1, 1, 1, 1, 1, 0, 1, 1, 0]"
li,"[1, 0, 1, 1, 0, 1, 1, 1, 1, 1, 1, 1, 1, 1, 0, 1, 1, 1, 0, 0, 1, 1, 0, 1, 0, 0, 0, 1]"
ve,"[0, 1, 0, 1, 1, 1, 1, 1, 0, 1, 1, 1]"
so,"[0, 0, 0, 0, 0, 0, 1, 1, 0, 1, 0, 0, 1, 0, 0, 0, 0, 0, 0, 0, 0, 0, 0, 0, 0, 0, 0, 1, 1, 1, 1, 1, 0, 1, 0, 0, 0, 0, 1, 0, 0, 0, 0, 0, 0, 1, 0, 0, 1, 1, 0, 0, 1, 0, 0, 1, 0, 0, 0, 0, 0, 0, 1, 0, 0, 0, 0, 1, 1, 0, 1, 1, 0, 1, 0, 0, 0, 0, 0, 0, 0, 0, 0, 0, 0, 1, 1, 0, 1, 0, 0, 1, 0, 0, 1, 0, 1, 0, 0, 0, 0, 0, 1, 0, 1, 0, 0, 0, 1, 0, 1, 0, 1, 0, 1, 0, 0, 1, 1, 0, 0, 1, 1, 0, 1, 1, 0, 0, 1, 0, 0, 1, 0, 1, 0, 0, 0, 1, 0, 1, 1, 1, 0, 1, 0, 0, 0, 1, 0, 0, 1, 0, 0, 0, 0, 1, 1]"
gazed,[1]
will,"[0, 0, 0, 0, 0, 1, 1, 1, 0, 0, 0, 1, 1, 1, 1, 0, 0, 0, 0, 0, 0, 0, 0, 0, 0, 0, 0, 1, 1, 0, 0, 1, 1, 0, 0, 0, 1, 0, 1, 1, 0, 1, 1, 1, 1, 1, 1, 1, 1, 1, 1, 1, 0, 1, 1, 1, 0, 1, 0, 1, 1, 1]"
tat,"[1, 1]"
tered,"[0, 0, 0, 0, 0, 1, 0]"
weed,"[1, 1, 1]"
of,"[0, 1, 0, 1, 0, 1, 1, 0, 0, 1, 0, 0, 1, 0, 0, 0, 0, 0, 0, 1, 0, 0, 0, 0, 0, 0, 0, 0, 0, 0, 0, 0, 0, 0, 1, 1, 1, 0, 0, 0, 1, 1, 1, 0, 0, 0, 1, 1, 1, 0, 1, 1, 1, 1, 0, 1, 0, 1, 0, 1, 0, 0, 1, 1, 0, 0, 0, 1, 1, 0, 0, 0, 0, 1, 0, 0, 1, 0, 0, 0, 0, 1, 1, 0, 0, 0, 0, 0, 1, 1, 0, 0, 0, 0, 0, 0, 0, 1, 1, 0, 0, 0, 0, 0, 0, 0, 1, 0, 1, 0, 0, 0, 0, 0, 0, 0, 0, 1, 0, 1, 1, 1, 0, 0, 0, 0, 0, 1, 0, 0, 0, 0, 0, 0, 0, 0, 0, 1, 0, 1, 1, 1, 1, 1, 0, 0, 0, 1, 1, 0, 1, 0, 0, 1, 0, 1, 1, 0, 0, 0, 0, 1, 0, 0, 0, 0, 0, 1, 0, 1, 0, 0, 0, 0, 1, 0, 0, 0, 1, 0, 0, 0, 0, 1, 1, 1, 0, 0, 0, 1, 0, 0, 0, 1, 0, 1, 0, 1, 1, 0, 0, 1, 0, 1, 0, 1, 1, 1, 0, 1, 0, 0, 0, 1, 0, 0, 0, 1, 0, 0, 0, 0, 0, 1, 0, 1, 0, 0, 0, 0, 1, 1, 0, 1, 0, 0, 0, 0, 0, 0, 0, 0, 0, 1, 1, 1, 1, 0, 0, 0, 1, 0, 1, 1, 0, 0, 0, 0, 1, 1, 0, 0, 0, 0, 0, 0, 1, 0, 1, 1, 1, 0, 0, 1, 0, 1, 0, 1, 0, 0, 0, 0, 0, 0, 0, 0, 0, 0, 0, 0, 0, 0, 0, 0, 0, 0, 0, 1, 0, 1, 0, 0, 0, 0, 0, 0, 0, 0, 1, 1, 1, 0, 1, 1, 1, 0, 0, 0, 0, 0, 1, 1, 0, 0, 0, 0, 1, 0, 0, 1, 0, 1, 1, 1, 0, 0, 0, 0, 1, 0, 1, 0, 1, 0, 1, 1, 0, 1, 0, 0, 1, 1, 0, 0, 1, 1, 1, 0, 1, 0, 0, 1, 1, 1, 1, 0, 0, 0, 0, 1, 1, 0, 0, 1, 0, 1, 0, 0, 1, 0]"
small,"[1, 0]"
worth,"[0, 1, 1, 1, 1, 1, 1, 0, 1, 1, 1, 1, 1, 1, 1, 1, 0, 1, 1]"
held,"[1, 1]"
then,"[0, 0, 0, 0, 0, 0, 0, 1, 0, 1, 0, 1, 1, 0, 1, 1, 1, 1, 1, 0, 0, 1, 1, 0, 1, 0, 1, 0, 0, 1, 1, 1, 1, 0, 0, 0, 0, 0, 1, 1, 0, 0, 0, 0, 0, 1, 0, 0, 0, 1, 1, 0, 0, 1, 1, 1, 0, 1, 0, 1, 1, 0, 1, 1, 0, 1, 0, 1, 0, 1, 0]"
ing,"[0, 0, 0, 1, 0, 0, 1, 0, 1, 0, 1, 1, 0, 0, 1, 1, 1, 0, 0, 0, 1, 0, 1, 1, 0, 0, 0, 1, 0, 0, 0, 0, 0, 0, 0, 0, 0, 0, 0, 1, 0, 0, 1, 0, 0, 1, 0, 0, 1, 1, 0, 1, 0, 0, 0, 1, 0, 0, 1, 0, 0, 0, 0, 0, 0, 1, 0, 0, 0, 0]"
asked,[1]
all,"[1, 1, 1, 1, 0, 0, 1, 1, 1, 1, 0, 1, 1, 1, 1, 0, 0, 1, 1, 1, 0, 1, 1, 1, 1, 0, 1, 1, 1, 1, 1, 1, 1, 0, 1, 0, 1, 1, 0, 0, 0, 1, 1, 1, 0, 1, 1, 1, 1, 0, 0, 1, 0, 0, 0, 0, 1, 0, 0, 1, 1, 0, 1, 1, 1, 1, 1, 1, 1, 1, 1, 1, 0, 0, 1, 0, 1, 1, 1, 0, 1, 1, 0, 1, 1, 1, 0, 0, 0, 1, 1, 1, 1, 1, 0, 1, 1, 0, 1, 0, 0, 1, 1, 0, 1, 1, 1, 0, 1, 1, 0, 1, 1, 0, 1]"
beau,"[1, 1, 1, 1, 0, 1, 1, 1, 1, 1, 1, 1, 1, 1, 1, 1, 1, 1, 1, 1, 1, 0, 1, 1, 1, 1, 1, 1, 1, 0, 1, 1, 1, 1, 1, 1, 1, 1, 1, 1, 1, 1, 1, 1, 1, 1, 1, 1, 1, 1, 0, 1, 1, 1, 1, 1, 1, 1, 1, 1, 1, 1, 1, 0, 1, 1]"
trea,"[1, 1, 1, 1, 1]"
sure,"[0, 0, 0, 0, 0, 0, 0, 0, 1, 0, 0, 0, 0, 1, 0]"
lus,"[1, 1]"
days,"[1, 1, 1, 1, 1, 1, 1, 1, 1, 1, 1, 1, 1, 1, 0, 1, 1, 1]"
say,"[1, 0, 1, 1, 0, 1, 1, 1, 1, 1, 1, 0, 1, 0, 1, 1, 1, 0, 1, 1, 0, 0, 1, 1, 0, 1, 1, 1]"
sun,"[1, 1, 1, 1, 0, 1, 1, 1, 1, 1, 1, 1, 1]"
ken,"[0, 0]"
were,"[0, 1, 1, 1, 0, 0, 1, 1, 0, 1, 0, 0, 1, 0, 0, 0, 1, 0, 1, 0, 1, 1, 0, 0, 1, 0, 0, 1, 1]"
an,"[1, 0, 0, 0, 0, 0, 0, 1, 1, 0, 1, 0, 0, 1, 1, 0, 1, 1, 0, 0, 0, 0, 0, 1, 0, 0, 0, 0, 0, 0, 1, 1, 1, 1, 1, 1, 0, 0]"
al,"[0, 0, 0, 1, 1, 0, 0, 1, 1, 0, 0, 1, 0, 1, 1, 1, 1, 1, 0, 0, 1]"
leat,[1]
shame,"[1, 1, 1, 1, 1, 1, 1, 1, 1, 1, 1]"
thrif,[1]
tless,"[0, 0, 0, 0]"
praise,"[1, 1, 1, 1, 0, 0, 1, 1, 1, 1, 1, 1, 1, 1, 1, 1, 1, 1, 1, 1, 1, 1, 1, 1, 1, 1, 1, 1, 1]"
how,"[0, 1, 1, 0, 0, 0, 0, 0, 1, 1, 0, 0, 0, 0, 0, 1, 0, 0, 0, 1, 1, 1, 1, 0, 1, 0, 0, 0, 0, 0, 1, 1, 0, 0, 0, 0, 0, 0, 1]"
much,"[1, 1, 0, 0, 0, 1, 0, 1, 1, 1, 0, 1, 1, 0, 0, 0, 1]"
more,"[0, 1, 1, 0, 0, 0, 0, 1, 0, 1, 1, 0, 0, 1, 1, 1, 1, 1, 0, 1, 0, 0, 1, 0, 0, 0, 0, 1, 0, 0, 1, 0, 0, 1, 1, 1, 1, 1, 0, 0, 0, 1, 1, 1, 1, 1, 0, 0, 1, 1, 1, 0, 1, 0, 0, 1, 0, 0, 1, 1, 1, 0, 1, 1, 1, 0, 0]"
served,[1]
use,"[1, 1, 1, 1, 1, 1, 1, 1, 1, 1, 0, 1, 0]"
if,"[0, 0, 1, 0, 1, 0, 1, 1, 0, 1, 0, 0, 0, 1, 1, 0, 0, 0, 1, 0, 0, 0, 1, 0, 1, 0, 0, 1, 0, 1, 1, 0, 0, 0, 0, 1, 0, 0, 1, 0, 0, 0, 0, 0, 0, 1, 0, 0, 1, 0, 0, 1, 0, 0, 0, 0, 0, 0, 1, 1, 0, 1, 0, 1, 0, 0, 1, 0]"
couldst,[0]
ans,"[1, 1, 1, 1, 0, 0]"
wer,"[0, 0, 0, 0, 0]"
fair,"[0, 1, 1, 1, 1, 1, 1, 1, 1, 1, 0, 1, 0, 1, 1, 1, 1, 0, 1, 1, 1, 0, 1, 1, 0, 1, 1, 1, 0, 0, 1, 1, 0, 0, 0, 0, 0, 1, 1, 1, 1, 0, 1, 1, 1, 1]"
child,"[1, 1, 1, 1, 1, 1, 1, 1]"
sum,"[1, 1, 1, 1, 1, 1, 1, 1, 1, 1, 1, 1, 1, 1, 1, 1, 1, 1, 1, 1, 1, 1, 1, 1, 1]"
my,"[0, 0, 0, 0, 0, 0, 1, 0, 0, 0, 0, 0, 0, 0, 0, 0, 0, 0, 0, 1, 0, 0, 0, 0, 0, 0, 0, 0, 0, 0, 0, 0, 0, 0, 0, 0, 0, 0, 0, 0, 0, 0, 0, 0, 0, 0, 0, 0, 0, 0, 0, 0, 0, 0, 0, 0, 0, 0, 1, 1, 0, 0, 0, 0, 0, 1, 0, 0, 0, 0, 1, 0, 0, 0, 0, 1, 0, 0, 0, 1, 0, 0, 0, 0, 0, 0, 0, 1, 0, 1, 0, 0, 0, 0, 0, 0, 1, 0, 0, 0, 0, 1, 1, 0, 0, 1, 0, 0, 0, 0, 0, 0, 0, 0, 0, 1, 0, 0, 0, 0, 0, 0, 0, 0, 1, 1, 1, 0, 0, 0, 0, 0, 0, 0, 0, 0, 0, 0, 0, 0, 0, 0, 0, 0, 0, 0, 0, 0, 0, 0, 0, 0, 0, 0, 1, 0, 0, 0, 0, 0, 0, 0, 0, 0, 0, 0, 0, 0, 0, 0, 0, 0, 0, 1, 0, 0, 1, 0, 0, 1, 0, 0, 0, 0, 0, 0, 0, 0, 0, 0, 0, 0, 0, 1, 0, 1, 0, 0, 0, 0, 0, 0, 0, 0, 0, 0, 0, 0, 0, 0, 0, 0, 0, 1, 1, 0, 1, 0, 0, 0, 0, 0, 0, 0, 0, 0, 0, 0, 0, 1, 0, 0, 0, 0, 1, 1, 0, 0, 1, 0, 0, 0, 0, 0, 0, 0, 0, 0, 0, 0, 0, 0, 0, 0, 0, 0, 0, 0, 0, 0, 0, 0, 0, 0, 1, 0, 1, 0, 0, 0, 0, 1, 0, 1, 0, 0, 0, 1, 0, 0, 0, 1, 1, 0, 1, 0, 0, 0, 1, 0, 0, 1, 1, 1, 0, 0, 0, 1, 0, 0, 0, 0, 1, 0, 0, 0, 0, 0, 1, 0, 1, 0, 0, 0, 0, 1, 0, 0, 0, 0, 0, 1, 0, 0, 0, 1, 0, 0, 0, 0, 1, 0, 1, 0, 0, 0, 1, 0, 0, 0, 0, 0, 0, 0, 0, 1, 1, 0, 0, 0, 0, 1, 0, 0, 0, 0, 0, 1, 0, 0, 0, 0, 0, 0, 0, 1, 0, 0, 0, 0, 0, 0, 0, 0, 0, 0, 0, 1, 0, 0, 1, 0, 0, 1, 0, 0, 0, 0, 0, 1, 0, 0]"
count,"[1, 1, 1, 1, 1, 0, 1, 1]"
make,"[1, 0, 0, 1, 0, 1, 1, 1, 0, 1, 1, 0, 1, 1, 0, 1, 1, 0, 1, 0, 0, 1, 1, 1, 1, 1, 1, 1, 1, 0, 1, 1, 1, 1, 1, 1, 1, 1, 1, 0, 1, 1]"
old,"[1, 1, 1, 0, 1, 1, 0, 0, 0, 1, 1, 1, 1, 1, 1, 0, 1, 1, 1, 1, 0, 1]"
ex,"[0, 0, 1, 0, 0, 0, 0, 0, 1, 0, 0, 0, 0, 0, 0, 0, 0, 1, 0, 1, 0, 1, 0, 0, 0, 0, 0, 0, 0, 0, 0, 0, 0, 0, 0, 0]"
cuse,"[1, 1, 1, 1, 1, 1, 1]"
pro,"[0, 0, 1, 0, 0, 1, 1, 0, 1, 1, 0, 0, 0, 0, 0, 0, 0, 0]"
ving,"[1, 0, 0, 1, 0, 0, 0, 0, 0, 0, 0, 0, 0, 0, 0, 1, 0, 0, 0, 0, 1, 0, 0, 0, 0, 0, 1, 0]"
suc,"[0, 0, 0]"
ces,"[1, 0, 0, 1, 0, 0, 0, 1, 1, 0, 0, 0, 0, 0, 0, 0, 0, 1]"
sion,"[0, 0, 0, 0, 0, 0, 0, 0, 0, 0]"
new,"[0, 1, 1, 0, 0, 1, 1, 1, 1, 1, 1, 0, 1, 1, 1, 1, 1, 0, 1, 1, 1, 1, 1, 1, 1, 1, 0, 0]"
made,"[1, 1, 0, 1, 1, 1, 1, 1, 1, 1, 0, 1, 1, 1, 0, 0, 0, 1, 1]"
see,"[1, 1, 1, 1, 0, 1, 1, 1, 1, 1, 1, 1, 1, 0, 1, 1, 1, 1, 1, 1, 1, 1, 1, 1, 1, 1, 1, 1, 1, 1, 0, 1, 1, 1, 1]"
blood,"[1, 1, 1, 1, 1, 1, 1, 1]"
warm,[0]
feelst,[1]
it,"[0, 1, 0, 0, 0, 1, 0, 1, 0, 1, 0, 0, 0, 0, 0, 0, 1, 0, 0, 0, 1, 0, 0, 0, 0, 1, 0, 0, 0, 1, 1, 0, 0, 0, 0, 0, 0, 0, 0, 1, 1, 0, 0, 0, 0, 1, 1, 0, 0, 0, 1, 0, 0, 0, 0, 1, 0, 0, 1, 1, 0, 1, 1, 0, 0, 0, 1, 1, 1, 0, 0, 1, 0, 1, 0, 0, 0, 0, 0, 1, 0, 1, 0, 1, 0, 0, 1, 0, 0, 0, 0, 0, 0, 0, 0, 0, 0, 0, 0, 0, 1, 0, 0, 0]"
cold,"[1, 1, 1, 1, 1, 1, 0]"
look,"[0, 1, 0, 0, 1, 1, 0, 1, 0, 1, 1, 1, 1, 1, 1, 1, 1, 0, 1, 1, 0, 0, 0, 1, 0, 0]"
glass,"[1, 1, 1, 1, 1, 1, 1, 1, 0, 1]"
tell,"[1, 1, 1, 1, 0, 1, 1, 1, 1, 1, 1, 0, 1, 1, 1]"
face,"[1, 1, 1, 1, 0, 1, 1, 1, 1, 1, 1, 1, 1, 1, 1, 1, 1, 1, 1, 1]"
viewest,[1]
is,"[1, 0, 0, 0, 0, 1, 1, 1, 1, 0, 1, 1, 1, 1, 1, 0, 0, 0, 1, 1, 0, 0, 1, 1, 0, 1, 0, 1, 1, 0, 1, 1, 0, 0, 1, 1, 1, 0, 0, 0, 1, 1, 1, 0, 1, 1, 0, 1, 1, 0, 0, 0, 1, 1, 1, 1, 0, 1, 0, 1, 1, 0, 0, 1, 1, 1, 0, 0, 0, 0, 0, 1, 0, 1, 0, 1, 0, 0, 1, 1, 1, 1, 0, 0, 0, 0, 0, 1, 0, 0, 0, 0, 0, 0, 1, 1, 0, 0, 0, 1, 0, 1, 0, 0, 1, 1, 1, 0, 1, 0, 0, 0, 0, 1, 1, 1, 0, 1, 1, 0, 1, 0, 1, 1, 0, 1, 0, 0, 0, 1, 1, 0, 0, 1, 0, 0, 0, 1, 0, 0, 1, 0, 0, 0, 0, 0, 1, 1, 0, 0, 0, 1, 0, 1, 0, 0, 0, 1, 1, 1, 0, 1, 1, 1, 1, 1, 0, 1, 0]"
form,"[1, 1, 1, 1, 1, 0, 1, 1, 1, 1, 1]"
other,"[1, 1, 1]"
whose,"[0, 0, 0, 0, 0, 0, 0, 0, 0, 1, 0, 0, 0, 0, 0, 0, 0, 0, 1]"
re,"[0, 0, 0, 0, 0, 0, 1, 0, 0, 0, 0, 0, 0, 0, 0, 0, 0, 0, 0, 0, 0, 0, 0, 0, 0, 1, 0, 1, 0, 0, 0, 0, 0, 0, 0, 0, 0, 0, 0, 0, 1, 0, 0, 0, 0, 0, 1, 0, 0, 0, 0, 1, 1, 0, 0, 0, 0, 0, 0, 0, 1, 0, 0, 0, 0, 0, 0, 0, 0, 0, 0, 0, 0, 1, 0, 0, 0, 0, 0, 0, 0, 0, 0, 0, 0, 0, 0, 1, 0, 0, 0, 1, 0, 0, 0, 0, 0, 0, 1, 0, 0, 1, 1]"
pair,"[1, 1, 1, 1, 1, 1, 1]"
not,"[1, 1, 0, 0, 0, 1, 1, 0, 0, 0, 0, 0, 0, 1, 0, 0, 0, 0, 1, 1, 1, 0, 1, 1, 0, 0, 0, 1, 1, 1, 0, 1, 0, 0, 1, 0, 1, 0, 0, 0, 0, 0, 0, 1, 0, 0, 0, 0, 1, 0, 0, 1, 0, 0, 0, 0, 0, 0, 1, 0, 1, 1, 1, 0, 1, 1, 1, 1, 0, 1, 1, 0, 0, 0, 0, 0, 0, 0, 0, 0, 0, 0, 0, 1, 0, 1, 1, 1, 0, 1, 0, 1, 0, 1, 0, 1, 0, 0, 0, 0, 0, 1, 0, 1, 0, 0, 0, 1, 0, 0, 0, 0, 1, 0, 0, 1, 1, 0, 0, 1, 0, 1, 0, 0, 0, 1, 0, 0, 0, 1, 0, 0, 1, 1, 1, 1, 0, 0, 1, 1, 0, 1, 1, 0, 0, 0, 1, 1, 0, 1, 0, 0, 1, 0, 0, 1, 1, 0, 1, 0, 0, 1, 0, 0, 1, 1, 1, 1, 0, 0, 0, 1, 1, 0, 0]"
newest,[1]
dost,"[1, 1, 0, 1, 1, 1, 0, 0, 0, 0, 0, 0, 0, 1, 1, 1, 0, 0, 1, 0, 1, 0, 0, 1, 0, 0, 1, 0]"
guile,[1]
un,"[0, 1, 1, 0, 1, 0, 0, 0, 0, 0, 0, 0, 0, 0, 0, 1, 0, 1, 0, 0, 0, 1, 0, 0, 1, 0, 0, 0, 1, 0, 0, 0, 0, 0, 0, 0, 1, 0, 0, 0, 0, 0, 0, 0, 0, 0, 0, 0, 0, 0, 0, 0, 0, 0]"
bless,[1]
some,"[0, 0, 0, 0, 0, 0, 0, 1, 0, 0, 1, 1, 1, 0, 0, 0, 1, 1, 0, 0, 0, 0, 1, 1, 0, 0, 0, 0, 0, 0, 0, 0, 0, 0, 0, 0, 1, 0, 0, 1, 1]"
mother,"[1, 1]"
she,"[1, 1, 0, 0, 0, 0, 0, 0, 1, 0, 1, 0, 0, 0, 0, 0, 1, 1, 0, 1, 0, 0, 0, 0, 1, 0, 1, 0, 0]"
eared,[0]
womb,"[1, 1]"
dis,"[0, 1, 0, 0, 0, 0, 0, 0, 1, 1, 0, 0, 0, 0, 0, 0, 0, 0, 0, 0, 0, 0, 1, 0, 0, 0, 0, 0, 0, 1, 0, 0, 0, 0, 0]"
dains,[1]
til,"[1, 1]"
lage,"[0, 1, 1]"
hus,"[1, 1, 1, 1, 1, 1, 1]"
ban,"[0, 0, 1, 1]"
dry,"[1, 1, 1]"
who,"[1, 1, 0, 0, 0, 0, 0, 0, 0, 0, 0, 1, 0, 0, 1, 0, 0, 0, 1, 0, 0, 0, 0, 0, 0, 0, 0, 0, 0, 1]"
fond,"[1, 1]"
tomb,"[1, 1, 1, 1, 1]"
love,"[1, 1, 1, 1, 1, 1, 1, 1, 1, 1, 1, 1, 1, 1, 1, 0, 1, 1, 1, 1, 1, 1, 1, 1, 1, 1, 1, 1, 1, 0, 1, 1, 1, 1, 1, 1, 1, 1, 0, 0, 1, 1, 0, 1, 1, 1, 1, 1, 1, 1, 1, 1, 1, 1, 1, 1, 1, 1, 1, 1, 1, 1, 1, 1, 1, 1, 1, 1, 1, 1, 1, 1, 1, 1, 1, 1, 0, 1, 1, 1, 1, 1, 1, 1, 1, 1, 1, 1, 1, 1, 1, 0, 1, 1, 1, 1, 1, 1, 1, 1, 0, 1, 1, 1, 1, 1, 1, 1, 1, 1, 1, 1, 1, 1, 1, 1, 1, 1, 1, 1, 1, 0, 0, 1, 0, 1, 1, 1, 1, 1, 1, 1, 1, 1, 1, 0, 1, 1, 1, 1, 1, 1, 0, 1, 1, 1, 1, 1, 0, 1, 1, 1, 1, 1, 1, 1, 1, 1, 1, 1, 0, 1, 1, 1, 1, 0, 0, 1, 1, 1, 1]"
stop,"[1, 1]"
pos,"[0, 0, 0, 0, 0, 1, 0, 0, 0, 0, 1, 0]"
te,"[1, 1, 1, 1, 1, 1, 0, 1, 1, 0, 0, 0, 0]"
thers,"[0, 0, 0, 0, 0, 0, 0, 0, 0, 0, 0, 0, 1, 0, 0, 0, 0, 0, 0, 0, 0, 0, 0]"
calls,"[0, 1, 1, 1, 1]"
back,"[1, 1, 1, 1, 1, 1, 1, 1, 1, 1]"
pril,"[0, 0, 0]"
her,"[0, 0, 0, 0, 0, 0, 0, 0, 0, 0, 1, 1, 0, 1, 0, 0, 0, 0, 0, 0, 1, 0, 1, 0, 0, 0, 0, 0, 1, 0, 1, 0, 0, 0, 0, 0, 0, 0, 1, 1, 0, 0, 0, 1, 1, 1, 0, 1, 1, 0, 0, 0]"
prime,"[1, 1, 1, 1]"
through,"[0, 1, 1, 0, 0, 0]"
dows,"[0, 0, 0, 0, 0, 0, 0, 0]"
age,"[1, 0, 1, 1, 1, 1, 1, 1, 0, 1, 1, 0, 0, 0, 1, 1, 1, 1, 1, 1, 1, 1, 1]"
shalt,"[0, 0, 0, 1, 0, 0, 0, 0, 0, 1, 0]"
spite,"[1, 1, 1, 1, 1, 1, 1, 1, 1, 1, 1]"
wrin,"[1, 1, 1, 1, 1, 1]"
kles,"[0, 0, 0, 0, 0, 0]"
gol,"[1, 1, 1, 1, 1]"
den,"[0, 0, 0, 0, 0, 0, 0, 0, 0, 0, 0]"
live,"[1, 1, 1, 1, 1, 1, 1, 0, 0, 1, 1, 1, 1, 1, 1, 1, 1, 1, 1, 1, 1, 1, 1, 1, 1, 1, 1, 1, 1, 1, 1, 1, 1, 1, 0, 1]"
mem,"[1, 1, 1, 1, 1, 1, 1]"
bered,"[0, 0, 0]"
sin,"[1, 1, 1, 1, 1, 0, 1, 1, 1, 1, 1, 1, 1, 1, 1, 1, 1]"
gle,"[0, 0, 0, 0, 0, 0]"
im,"[1, 1, 0, 0, 0, 0, 1, 1, 0, 0, 1, 0, 0, 0, 0, 0, 0, 0, 0, 0, 0, 0]"
dies,"[1, 0, 1, 1]"
unt,"[0, 1, 1]"
hrif,[1]
ness,"[1, 0, 1, 0, 0, 0, 1, 1, 0, 0, 0, 1, 0, 1, 1, 0, 0, 0, 0, 1, 0, 0, 0, 0, 0, 0, 0, 1]"
why,"[0, 1, 0, 0, 0, 0, 1, 0, 0, 0, 0, 1, 0, 0, 0, 1, 0, 1, 1, 0, 0, 0, 0, 0]"
spend,"[1, 1, 1, 1, 1]"
u,"[0, 1, 1, 1, 1, 0, 0, 0, 0, 0, 0, 0, 0, 0, 0, 0, 0, 0, 0, 0, 0, 0, 1, 0, 0, 1, 0, 0, 0, 0, 0, 0, 0, 1, 0, 0, 0, 0, 0, 0, 0]"
pon,"[1, 1, 1, 1, 1, 1, 1, 1, 1, 1, 1, 1, 1, 1, 1, 0, 1, 1, 1, 1, 1, 1, 1, 1, 1, 1, 1, 1, 1, 1]"
le,"[1, 1, 1, 0, 0, 0, 1, 1, 1, 1, 0, 1, 1]"
ga,"[0, 1, 1]"
cy,"[1, 0, 1, 1, 1, 1, 0, 1, 1]"
quest,"[1, 0, 0, 1, 0, 1]"
gives,"[0, 0, 0, 0, 1, 1, 1, 1]"
no,"[1, 1, 1, 1, 0, 0, 1, 0, 1, 0, 1, 0, 0, 0, 0, 1, 0, 0, 0, 0, 1, 0, 0, 0, 0, 0, 0, 0, 1, 1, 1, 0, 0, 0, 0, 0, 1, 1, 1, 0, 1, 0, 1, 0, 1, 0, 1, 1, 1, 0, 0, 0, 0, 0, 1, 1, 0, 0, 0, 0, 1, 1, 1, 0, 0, 0, 0, 0, 0, 0, 0, 1, 1, 1, 0, 0, 0, 0, 0, 1, 1, 0, 0, 0, 1, 1, 1, 0, 0, 0, 0, 0, 0, 0, 0, 0, 1, 1, 0, 1, 1, 0, 1, 0, 1, 1, 0, 1, 0, 1, 0, 1, 0, 1, 0, 0, 0]"
thing,"[0, 0, 1, 0, 1, 1, 1, 1, 0, 0, 0, 0, 0, 0, 0, 0, 1, 1, 1, 1, 0, 0, 0, 0, 0, 0, 0, 0, 0, 0, 1, 1]"
doth,"[0, 0, 1, 0, 0, 0, 1, 0, 0, 0, 0, 0, 1, 1, 1, 0, 1, 0, 0, 1, 0, 0, 0, 0, 0, 0, 0, 0, 1, 0, 0, 0, 1, 0, 1, 1, 0, 0, 0, 0, 0, 0, 0, 0, 1, 1, 0, 0, 0, 0, 0, 0, 0, 0, 0, 0, 1, 0, 1, 0, 0, 0, 1, 0, 0, 0, 0, 0, 1, 0, 0, 0, 1, 1, 0, 0, 0, 0, 1, 0, 1, 0, 0, 1, 0, 0]"
lend,"[1, 1, 1, 1, 1]"
frank,[1]
lends,"[1, 1, 1, 1]"
those,"[1, 0, 1, 1, 1, 1, 0, 0, 0, 1, 0, 1, 1, 0, 0, 0, 1, 0, 0, 0, 0, 1, 0, 1, 0, 0, 0, 1, 1, 0, 0]"
are,"[0, 1, 1, 0, 0, 1, 1, 0, 0, 1, 0, 0, 0, 0, 0, 0, 0, 1, 0, 0, 1, 0, 1, 0, 0, 1, 1, 0, 0, 0, 0, 1, 0, 0, 1, 0, 0, 0, 0, 0, 1, 1, 0, 1, 0, 0, 0, 1, 0, 1, 1, 1, 0, 0, 0, 1, 0, 1, 0, 0, 1, 0, 0, 1, 0, 1, 1, 1]"
free,"[1, 1, 1, 1, 1]"
teous,"[0, 0, 0, 0, 0, 0, 0, 1, 0, 1, 0, 0]"
gard,"[0, 0]"
buse,"[1, 1]"
boun,"[1, 1, 1, 1, 1]"
lar,[1]
gess,[0]
gi,"[1, 0, 1, 0]"
ven,"[0, 0, 0, 1, 1, 0, 0, 1, 1, 0, 0, 1, 1, 1, 0]"
give,"[1, 1, 1, 0, 1, 0, 1, 1, 1, 1, 1, 1, 1, 0, 1, 0, 1, 1, 1, 0, 0, 0, 1, 1, 0, 1, 0, 1]"
fi,"[1, 0, 1, 1, 1, 1]"
su,"[0, 0, 1, 1, 1, 1, 1, 1, 0]"
rer,"[1, 0, 0, 1, 0, 1]"
great,"[1, 0, 1, 1, 1, 0, 0, 0, 1, 0, 1]"
sums,[1]
yet,"[0, 0, 1, 1, 1, 0, 0, 0, 0, 0, 0, 1, 1, 0, 1, 1, 1, 1, 0, 0, 0, 1, 0, 1, 1, 0, 0, 0, 1, 1, 1, 1, 1, 1, 0, 0, 0, 0, 0, 1, 0, 1, 1, 1, 0, 0, 0, 0, 0, 0, 1]"
canst,"[1, 1, 0, 1, 1, 1, 0]"
ha,"[1, 1, 1, 1, 1, 1, 1, 1, 1, 1, 0, 1]"
traf,[1]
fic,"[0, 1, 1]"
lone,"[1, 1, 1, 1, 1, 1, 1, 1, 1, 1, 1, 1, 1, 1, 1, 1, 1, 1, 1]"
ceive,"[1, 1, 1, 1]"
ture,"[0, 0, 0, 0, 0, 0, 0, 0, 1, 0, 0, 0, 0, 0, 0, 0, 0]"
gone,"[1, 1, 1, 1, 1, 1, 1, 1, 1, 0]"
what,"[0, 1, 1, 1, 0, 0, 1, 1, 1, 1, 0, 1, 1, 0, 1, 0, 1, 1, 0, 0, 1, 0, 1, 0, 0, 0, 1, 0, 1, 1, 1, 1, 1, 0, 0, 1, 0, 1, 0, 1, 0, 0, 0, 0, 0, 0, 0, 1, 1, 1, 0, 0, 0, 0, 0, 0, 1, 0, 1, 0, 1, 0, 0, 0, 0, 1, 0, 0, 0, 0, 0]"
ac,"[1, 0, 1, 0, 1, 0, 1, 0, 0, 0, 1, 0, 1, 0, 0, 0, 0, 1, 0, 0, 0, 1, 1, 1, 0, 0]"
cep,"[0, 1]"
ta,"[1, 1, 1, 1, 1, 1, 1, 1, 1, 1, 1, 0]"
ble,"[0, 0, 0, 0, 0, 0, 0, 1, 0, 0, 0, 1, 0, 1, 0, 0]"
au,"[1, 0, 1, 0, 1, 1, 1, 1]"
dit,"[0, 0, 0, 0]"
leave,"[1, 1, 1, 1, 1, 1, 1, 1, 1, 1]"
used,"[0, 1, 1]"
must,"[1, 0, 0, 1, 0, 1, 0, 1, 1, 0, 1, 0, 0, 1, 0, 1, 0, 0, 0, 0, 0]"
tombed,[1]
which,"[0, 0, 0, 0, 0, 0, 0, 0, 0, 1, 0, 0, 0, 0, 0, 0, 0, 1, 0, 1, 0, 0, 0, 0, 0, 0, 0, 0, 0, 0, 0, 0, 0, 1, 1, 0, 1, 0, 0, 1, 0, 0, 0, 0, 1, 0, 0, 0, 0, 0, 0, 0, 0, 0, 1, 0, 0, 0, 0, 0, 0, 0, 0, 0, 0, 0, 0, 0, 0, 0, 0, 0, 1, 0, 0, 0, 0, 0, 0, 0, 0, 0, 0, 0, 0, 0, 1, 0, 0, 0, 0, 0, 0, 0, 0, 0, 0, 0, 0, 0, 0, 0, 0, 0, 0, 0, 0, 0]"
sed,"[0, 0, 0, 0, 0, 0, 1, 0, 0, 0, 0, 0, 0, 0]"
lives,"[1, 0, 0, 0, 1, 1, 1, 1, 1, 0]"
e,"[0, 1, 0, 1, 1, 0, 0, 0, 1, 1, 1, 1, 0, 0, 1, 0, 0, 1, 1, 1, 1, 1, 0, 1, 0, 0, 0, 1, 0, 0, 0, 1, 0, 1, 0, 1, 1, 1, 1, 0, 0, 1, 1, 1, 1, 1, 0, 1, 1, 1, 0, 1, 0, 0, 1, 0, 1, 1]"
xe,[1]
cu,"[0, 1, 1, 1, 0, 1, 0, 1]"
tor,"[1, 0, 1, 1, 0, 1, 0, 1, 1, 0]"
ho,"[1, 1, 1, 1, 1, 1, 1, 1, 1, 1, 1, 1, 1, 1, 1, 1]"
urs,[0]
gen,"[1, 1, 1, 1, 0, 1, 1, 1, 1, 1, 1, 1, 1, 1, 1, 1]"
tle,"[0, 0, 0, 0, 0, 1, 0, 0, 0, 0, 0, 0, 0, 0, 0, 0, 0]"
work,"[1, 1, 1]"
did,"[0, 0, 0, 0, 0, 0, 1, 0, 0, 1, 1, 1, 1, 1, 0, 1, 0, 0, 1, 0, 1, 0, 1, 0]"
frame,"[1, 1, 1, 1]"
gaze,"[1, 1]"
ev,"[1, 1, 1, 1, 1, 1, 1, 1, 1, 1, 1, 1, 1, 1, 1, 1, 1, 1, 1, 1, 1, 1, 1, 1, 1, 1, 1, 1, 1, 1, 1, 1, 1, 1]"
ery,"[0, 0, 0, 0, 0, 0, 0, 0, 0, 0, 0, 0, 0, 0, 0, 0, 0, 0, 0, 0, 0, 0, 0, 0, 0, 0, 0, 0, 0, 0, 0, 0]"
eye,"[1, 1, 1, 1, 1, 1, 1, 1, 1, 1, 1, 1, 1, 1, 1, 1, 1, 1, 1, 1, 1, 1, 1, 1, 1, 1, 1, 1, 1, 1, 1, 1, 0, 1, 1, 1, 1, 1, 1]"
dwell,"[1, 1, 1, 1, 1, 1]"
play,"[1, 1, 1, 1, 1]"
rants,"[0, 0]"
same,"[1, 0, 0, 1, 0, 1, 1]"
cel,"[1, 0, 0]"
rres,[1]
ting,"[0, 1, 0, 0, 0, 0, 0, 0, 1, 0, 1, 0, 0, 0, 0, 1, 0, 0, 0, 0, 0, 0, 1]"
leads,"[0, 1]"
mer,"[0, 0, 0, 0, 0, 0, 0, 0, 0, 1, 0, 0, 0, 0]"
hi,"[1, 1, 0, 0, 0]"
deous,"[0, 0]"
ter,"[0, 0, 1, 1, 1, 0, 1, 1, 0, 0, 0, 1, 0, 0, 0, 1, 0, 1, 0, 0, 0, 0, 1, 0, 0, 1, 0, 0, 0, 0, 1, 0, 1, 0, 0, 1, 0, 0, 1, 0, 0, 0, 1, 0, 0, 1, 0, 0, 0, 0, 0, 0, 0, 1, 0, 0, 1, 0, 0, 1, 1, 1, 0, 0, 0, 0, 0, 0, 0, 0, 0, 1, 1, 1, 1, 0, 1, 0, 0, 0, 0, 0, 0]"
founds,"[1, 1, 1]"
him,"[0, 0, 0, 0, 0, 0, 1, 1, 0, 1, 1, 1, 1, 1, 1, 0, 0, 0, 0, 1, 1, 1, 1, 0, 1, 0, 0, 1, 1, 0, 0, 0, 1, 1, 1, 1, 1, 1, 0, 1]"
sap,"[0, 1]"
checked,"[1, 0]"
frost,[1]
leaves,"[1, 1, 0, 1, 1, 1, 1, 1]"
quite,"[0, 1, 0, 1, 1]"
oer,"[0, 1, 0, 1, 0, 0, 0, 0, 0, 0, 1, 0, 1, 0, 0]"
snowed,[1]
bare,"[1, 0, 0, 1, 1]"
mers,"[0, 0, 0, 0, 0, 0, 0, 0, 0, 0, 0, 0, 0]"
ti,"[0, 0, 0, 1, 1, 1, 1, 1, 1, 1, 0, 0, 0, 1, 1, 0, 1, 1, 1, 0]"
lla,[1]
tion,"[0, 0, 0, 0, 0, 0, 0, 0, 0, 0, 0, 0, 0, 0, 0, 0, 0, 0, 0, 0, 0, 0, 0, 0, 0, 0, 0, 0, 0, 0, 0, 0, 0, 0, 0, 0, 0, 0, 0]"
left,"[1, 1, 1, 0, 1]"
quid,[0]
pris,"[1, 1, 1]"
oner,[0]
pent,"[1, 1, 1]"
walls,"[1, 1]"
ef,"[0, 0, 0, 0]"
fect,"[1, 0, 0, 1, 0, 1, 1, 0, 1]"
reft,[1]
nor,"[0, 0, 0, 0, 0, 0, 0, 0, 0, 0, 1, 1, 0, 0, 0, 0, 0, 0, 0, 0, 0, 0, 0, 0, 0, 1, 1, 0, 0, 0, 0, 0, 0, 0, 0, 0, 0, 0, 0, 0, 1, 0, 0, 0, 0, 0, 0, 0, 0, 0, 0, 0]"
brance,"[0, 0]"
was,"[1, 1, 0, 1, 1, 0, 1, 0, 0, 0, 0, 0, 0, 0, 1, 0, 0, 0, 0, 0, 1, 0, 0, 1, 1, 0, 1, 1, 0]"
flowers,"[1, 1, 1, 1, 1, 1, 0]"
tilled,"[1, 1, 1]"
though,"[0, 0, 0, 0, 1, 0, 0, 1, 1, 0, 0, 0, 0, 1, 0, 0, 1, 1, 0, 0, 1, 0, 0, 0, 0, 0, 1, 0, 1, 0, 0, 0, 1]"
they,"[1, 0, 1, 0, 0, 0, 1, 0, 1, 0, 0, 1, 0, 0, 0, 0, 0, 1, 1, 0, 0, 0, 0, 0, 0, 0, 0, 0, 0, 0, 0, 0, 1, 1, 1, 0, 0, 0, 1, 0, 1, 0, 1, 0, 0, 0, 1, 1, 1, 0, 0, 0]"
meet,"[1, 1]"
leese,[0]
their,"[0, 0, 0, 0, 0, 0, 0, 0, 0, 0, 0, 0, 0, 0, 0, 0, 0, 0, 0, 0, 0, 1, 0, 0, 0, 0, 0, 0, 1, 1, 0, 0, 0, 0, 0, 0, 0, 0, 0, 0, 0, 0, 0, 0, 0, 0, 0, 0, 0, 0, 0, 0, 0, 1, 0, 0, 0, 0, 0, 0, 1, 0, 0]"
show,"[1, 1, 1, 1, 1, 1, 1, 0, 1, 1, 1, 1, 1, 1, 1, 1, 1, 1, 1, 1, 1]"
sub,"[1, 1, 1, 1, 1, 1, 1, 1, 1, 1, 0, 0, 0, 1, 0, 1]"
stance,"[0, 0, 0, 0]"
still,"[1, 1, 0, 1, 1, 1, 0, 1, 1, 1, 1, 1, 0, 1, 1, 1, 1, 0, 1, 1, 0, 1, 1, 1, 1, 0, 0, 1, 0, 1, 1, 0, 1, 1, 1, 1, 1, 1, 1, 0]"
let,"[1, 0, 1, 1, 1, 1, 0, 1, 0, 1, 0, 0, 0, 0, 1, 1, 0, 1, 1, 0, 0, 1, 1, 1, 0, 0, 1, 0, 0, 1]"
rag,[1]
ged,"[0, 0, 0]"
hand,"[1, 0, 1, 1, 1, 1, 1, 1, 1, 1, 1, 1, 1, 1, 1, 1, 1]"
ere,"[1, 1, 0, 0, 0, 0]"
vi,"[1, 0, 0, 1, 1, 1, 0, 0, 0, 1, 1, 1, 1, 1, 1]"
place,"[1, 1, 1, 1, 1, 1, 1, 1, 1]"
killed,[1]
bid,"[1, 1, 1, 1, 1]"
hap,"[1, 1, 1, 1, 1, 1, 1, 1, 0, 1, 1, 1, 1, 1, 1, 0, 0, 1, 1]"
pies,[0]
pay,"[1, 1, 1, 1]"
lling,"[0, 0, 0, 0, 1, 0, 0]"
loan,[1]
thats,[0]
breed,"[1, 1]"
ther,"[0, 0, 0, 0, 0, 0, 1, 0, 0, 0, 0, 0, 0, 0, 0, 0, 0, 0, 0, 0, 1, 0, 0, 0, 0, 0, 0, 0, 0, 0, 0, 0, 0, 0, 0, 0, 0]"
times,"[0, 1, 1, 1, 0, 0, 0, 0, 0, 0, 0, 0, 1, 1, 1, 1, 1, 1, 0, 0, 0, 0, 0, 0, 0, 0]"
pier,"[0, 0, 0]"
one,"[1, 0, 1, 0, 1, 1, 1, 1, 0, 1, 1, 0, 1, 1, 1, 1, 0, 1, 1, 1, 0, 1, 1, 1, 1, 0, 0, 1, 1, 0, 1, 1, 0, 0, 1, 0, 1, 1, 1, 0, 0, 0, 0]"
than,"[1, 0, 0, 1, 1, 0, 0, 1, 1, 0, 0, 0, 1, 0, 1, 0, 0, 0, 1, 1, 0, 1, 0, 0, 0, 1, 0, 0, 0, 1, 0, 0, 0, 0, 0, 0, 0, 0, 1, 0, 0, 0, 0, 0, 0, 0, 1, 0]"
fig,"[1, 1, 1, 1]"
ured,"[0, 0]"
could,"[0, 0, 0, 0, 1, 0, 0, 0, 1, 1]"
death,"[1, 0, 1, 1, 1, 1, 1, 1, 1, 0, 1, 1, 1, 1, 1]"
do,"[0, 1, 1, 0, 0, 1, 1, 0, 1, 0, 1, 1, 1, 0, 0, 0, 1, 1, 1, 0, 0, 0, 1, 1, 0, 0, 1, 1, 1, 1, 1, 1, 0, 1, 1, 1, 0, 1, 0, 0, 1, 0, 1, 0, 1, 0, 0, 1, 0, 1, 0, 1, 1, 1, 1, 1, 1, 1, 0, 1, 1, 0, 1, 1, 1, 1, 1, 0, 1, 0, 0, 0, 0, 0, 1, 0, 1, 1, 1, 1, 1, 1, 0, 0, 0, 0, 1, 1, 1]"
shouldst,"[1, 0, 1, 1, 0, 0]"
part,"[1, 1, 1, 1, 1, 1, 1, 1, 1, 1, 1, 1, 1, 1, 1, 1, 1, 1, 1, 1, 1, 1, 1, 1]"
leav,[0]
willed,[1]
deaths,"[0, 1, 0, 1, 0, 1]"
worms,"[1, 1, 1, 1]"
lo,"[0, 0, 0, 1, 1, 1, 1, 1, 1, 1, 1, 1, 0, 1, 1, 1, 1, 1, 1, 0, 1, 0]"
o,"[1, 1, 0, 0, 1, 0, 1, 0, 0, 0, 0, 0, 0, 1, 1, 0, 0, 0, 0, 1, 1, 1, 0, 1, 0, 1, 1, 1, 1, 0, 0, 0, 0, 1, 1, 1, 0, 0, 0, 0, 1, 1, 0, 0, 0, 0, 1, 1, 0, 1, 1, 1, 1, 1, 1, 1, 0, 1, 1, 0, 0, 0, 1, 0, 0, 0, 1, 1, 1, 0, 0, 0, 1, 0, 0, 0, 1, 1, 0, 0, 0, 1, 1, 0, 1, 1, 1, 1, 0, 0, 0, 1, 0, 1, 0, 0, 0, 0, 1, 1]"
rient,[0]
gra,"[1, 0, 1, 1, 1, 1, 1, 1, 1, 1, 1, 1, 0]"
cious,"[0, 1, 0, 0, 0, 0, 0, 0, 0, 0, 0]"
light,"[1, 1, 1, 1, 1, 1, 1, 0, 1, 1, 1, 1, 1, 1, 1]"
lifts,[0]
up,"[1, 0, 1, 1, 1, 0, 0, 0, 1, 1, 1, 1, 1, 1, 1, 1, 1]"
bur,"[1, 1]"
ning,"[0, 0, 0, 0, 1, 0, 1, 0, 0, 0, 0, 0, 0]"
head,"[1, 1, 1, 1, 1]"
each,"[0, 1, 1, 1, 1, 0, 1, 0, 0, 0, 0, 0, 1, 0, 0]"
mage,[0]
wap,[0]
pe,"[1, 0, 0, 1, 0, 1, 0, 1, 1, 0, 0]"
aring,[0]
sight,"[1, 1, 1, 1, 1, 1, 1, 1, 1, 1, 1, 1, 1, 1, 1, 1, 1]"
ser,"[0, 1, 1, 0, 0, 1, 0, 1, 1]"
looks,"[1, 1, 1, 0, 1, 1, 1, 1, 0, 1, 1, 1, 1]"
sa,"[1, 1, 1, 0, 1, 1, 1, 1, 1, 1]"
cred,"[0, 0]"
jes,"[0, 0]"
climbed,[1]
steep,"[1, 1]"
heav,"[1, 1, 1, 1, 1, 1, 1, 1, 1, 1, 1, 1, 1, 1]"
enly,"[0, 0, 0]"
hill,[1]
sem,"[1, 1, 1]"
bling,"[0, 0]"
strong,"[1, 1, 1, 1, 0, 1, 1, 1]"
youth,"[0, 1, 1, 1, 1, 1, 1, 1, 1, 1, 1, 1, 1, 1, 1, 1, 1]"
mid,[1]
dle,[0]
mor,"[1, 1, 1, 1, 0, 1, 1, 1, 1]"
tal,"[0, 0, 0, 0, 0, 0, 0]"
dore,[1]
at,"[0, 0, 0, 0, 1, 0, 0, 0, 0, 0, 1, 0, 0, 1, 1, 0, 0, 0, 0, 0, 1, 1, 0, 0, 1, 1, 0, 0, 0, 1, 1]"
pil,"[1, 0, 1]"
grim,"[0, 0]"
high,"[1, 1, 1, 1, 0]"
most,"[0, 0, 0, 0, 0, 1, 1, 1, 1, 0, 0, 0, 0, 0, 1, 1, 1, 0, 0, 1, 0, 0, 0, 1, 0, 0, 1, 0, 1, 1, 0, 1]"
pitch,"[1, 1]"
ary,"[0, 1, 0, 0]"
car,"[1, 1, 1]"
like,"[0, 1, 0, 1, 1, 1, 0, 0, 0, 0, 0, 1, 1, 0, 1, 1, 1, 1, 0, 1, 1, 1, 1, 0, 0, 1, 1, 0, 0, 1, 1, 0, 1, 1, 1, 1]"
fee,"[1, 1, 1]"
eleth,[0]
day,"[1, 0, 1, 1, 1, 1, 1, 1, 1, 1, 1, 1, 1, 1, 1, 1, 1, 1, 1, 1, 1, 1, 1, 1, 1, 1, 1]"
fore,"[0, 1, 0, 0, 0, 1, 1, 1, 0, 1, 1, 1, 1, 1, 0, 1, 1, 1, 0, 0, 0, 0, 1, 1, 1, 1, 1, 1, 1, 0, 1, 1, 1, 0, 0, 1, 0, 1]"
du,"[1, 1, 1, 0, 0]"
low,[0]
tract,[1]
way,"[1, 1, 1, 1, 1, 1, 1, 1, 1, 1, 1, 1, 1, 1, 1, 1, 1, 1, 1, 1, 1, 1]"
out,"[0, 1, 1, 1, 1, 0, 1, 0, 1, 0, 1, 0, 0, 1, 1, 1, 0, 1, 1, 1, 0, 0, 0, 0, 1, 1, 1, 0, 1, 1, 1, 0]"
go,"[1, 1, 0, 1, 1, 1, 1, 1, 1, 0]"
noon,[1]
looked,"[1, 1, 1, 1]"
diest,[1]
less,"[1, 0, 1, 0, 1, 0, 0, 0, 0, 1, 1, 1, 1, 1, 1, 0, 0, 1, 1, 1, 0]"
get,"[1, 1, 1, 1, 1]"
son,"[1, 1, 1, 0, 0, 0, 0, 0, 0, 0, 1, 0, 0]"
mu,"[0, 1, 1, 1, 1, 1, 0, 1, 1, 1, 1]"
sic,"[1, 0, 0, 0, 1, 1, 0, 0, 0, 1, 0]"
hear,"[1, 1, 1, 0, 0, 1, 1]"
hearst,[1]
sadly,[1]
sweets,"[0, 0, 1, 1, 1, 1]"
war,"[1, 1, 1, 1, 1, 1, 1, 1, 1, 1]"
joy,"[1, 1, 1, 1, 1, 1, 1, 1, 1]"
lovst,"[1, 0, 1, 1, 1]"
ceivst,"[1, 1, 1]"
gladly,[1]
plea,"[1, 1, 1, 1, 1, 1, 1, 1, 1]"
noy,[1]
true,"[0, 0, 1, 0, 1, 1, 0, 1, 1, 1, 1, 1, 1, 0, 1, 1, 1, 1, 1, 1, 0, 0, 1, 1, 0, 1, 1, 0, 0, 1, 1, 0, 1, 0, 1, 0, 1, 1, 0, 0]"
cord,"[0, 0, 1, 0, 0]"
well,"[0, 1, 1, 1, 1, 1, 0, 1, 1, 1, 1, 1, 1, 1, 1, 1, 0, 0, 1, 1, 1, 1, 0, 1, 0, 0]"
tu,"[1, 1, 1]"
ned,"[0, 0, 1, 0, 0, 0, 0, 0, 0, 0]"
sounds,"[1, 1]"
nions,[0]
rried,"[0, 0]"
fend,[1]
ear,"[1, 1, 1, 1]"
chide,"[1, 1, 1, 1, 1]"
parts,"[1, 1, 1, 1, 1, 1, 1]"
mark,"[0, 1, 0, 1]"
string,[1]
band,"[0, 0, 0]"
strikes,[0]
tual,"[0, 0, 0, 0]"
ring,"[1, 0, 0, 0, 0, 1, 1, 1]"
py,"[0, 0, 1, 0, 0, 0, 0, 0, 0, 0, 0, 1, 1, 1, 1, 0]"
pleas,"[1, 1, 1]"
note,"[1, 1, 1]"
sing,"[1, 1, 0, 1, 0, 0, 0, 1, 0, 0, 1, 0, 0, 0, 1, 0, 1, 0, 1, 0, 0]"
speech,"[1, 1]"
song,"[1, 1, 1, 1]"
many,"[0, 1, 1, 1, 1, 1]"
seem,"[1, 1, 0, 0, 1, 1, 1, 0, 0, 0, 0, 1, 1, 1, 1, 1]"
sings,"[0, 0, 0, 0]"
wilt,"[1, 1, 1, 1, 0, 1, 0, 0, 0, 1, 1, 0, 0, 0]"
prove,"[0, 1, 1, 1, 1, 1, 1, 1, 1, 1, 1, 1, 1]"
none,"[1, 1, 1, 1, 0, 1, 1, 1, 1, 0, 1, 1, 1]"
fear,"[1, 1, 1, 1, 1, 1, 1, 1, 1, 1, 1]"
wet,[1]
sumst,[1]
life,"[1, 1, 1, 1, 1, 1, 1, 1, 1, 1, 1, 1, 1, 1, 1, 1, 1, 1, 1, 1, 1, 1]"
ah,"[0, 0, 1, 0, 0, 0, 1]"
sue,"[0, 0, 0, 1]"
wail,"[1, 1]"
wife,"[1, 0]"
dow,"[0, 0, 0, 0, 0, 0, 0, 0, 0]"
weep,"[1, 1, 1, 1]"
hast,"[0, 0, 0, 0, 1, 0, 1, 1, 1, 1, 1, 1, 1, 1, 1, 0, 1]"
hind,"[1, 1, 1, 1, 1]"
pri,"[1, 1, 0, 1]"
vate,"[0, 1]"
may,"[0, 0, 0, 1, 0, 0, 1, 1, 0, 1, 0, 0, 0, 0, 1, 0, 0, 0, 0, 1, 1, 0, 1, 0, 1, 1, 1]"
keep,"[1, 1, 1, 0, 0, 1, 1, 1, 1]"
chil,"[1, 1]"
drens,[0]
bands,[0]
shape,"[1, 1, 1, 1, 1]"
mind,"[1, 1, 1, 1, 1, 1, 1, 1, 1, 1, 1, 1, 1, 1, 1, 1]"
hrift,[0]
hath,"[0, 1, 0, 0, 0, 0, 0, 1, 1, 0, 0, 0, 0, 0, 0, 0, 0, 0, 0, 0, 0, 0, 1, 0, 1, 0, 1, 0, 1, 0, 0, 1, 1, 1, 0, 0, 1, 1, 0, 0, 1, 0, 0]"
end,"[1, 1, 1, 1, 1, 1, 1, 1, 1]"
toward,[0]
bo,"[1, 1, 1, 1, 1, 1, 1, 1, 1, 1, 1, 1, 1]"
som,"[0, 0, 0, 0]"
sits,[1]
such,"[0, 0, 0, 0, 1, 1, 1, 0, 0, 0, 0, 1, 1, 0, 0, 0, 0, 0, 0, 1, 0, 0, 0, 1, 0, 1, 1, 0, 1, 0, 0]"
mur,"[1, 1, 1]"
drous,"[0, 0, 0, 0, 0]"
com,"[0, 0, 0, 0, 0, 0, 0, 0, 0, 1, 0, 1, 1, 0, 0, 1, 0, 1, 0, 0, 1, 1, 0, 0, 1, 0, 1, 0, 1, 1, 1, 0, 1, 0, 0, 1, 1, 0, 1, 0]"
mits,"[1, 1, 0]"
ny,"[1, 0, 0, 0, 0, 0, 1, 0, 0, 0, 0, 0, 0, 0, 0, 0, 0, 1, 0, 0, 0, 0]"
bearst,[0]
any,[1]
dent,"[1, 1, 1]"
grant,"[0, 1, 1, 0, 1]"
loved,"[1, 1, 1, 1, 1, 1, 1, 1]"
sessed,"[1, 1]"
hate,"[1, 1, 1, 1, 1, 1, 1, 1, 0, 0, 1, 0]"
gainst,"[1, 1, 1, 1, 1, 1, 1, 1, 1, 1, 0, 1, 1, 1, 1, 1, 1, 1, 1, 1, 1, 1, 1, 1]"
stickst,[1]
spire,[1]
seek,"[0, 1, 1, 1, 1]"
roof,[1]
rui,"[1, 1, 1]"
chief,"[1, 1]"
change,"[1, 1, 1, 1, 1, 1, 1, 1, 1, 1, 1, 1, 1]"
thought,"[1, 1, 0, 1, 1, 1, 0, 1, 1, 1, 1, 1, 1, 1, 1, 1, 1]"
i,"[1, 1, 1, 0, 0, 1, 0, 0, 1, 1, 0, 1, 1, 1, 1, 1, 1, 1, 0, 1, 1, 0, 0, 1, 1, 1, 1, 0, 1, 1, 0, 0, 0, 1, 0, 0, 0, 0, 1, 0, 0, 0, 0, 0, 0, 0, 0, 0, 0, 1, 0, 1, 1, 1, 0, 0, 0, 1, 1, 0, 1, 0, 0, 1, 0, 0, 1, 0, 0, 0, 1, 1, 0, 0, 1, 0, 1, 0, 1, 0, 0, 0, 1, 0, 0, 0, 1, 0, 0, 1, 0, 0, 0, 0, 0, 1, 1, 0, 0, 0, 0, 0, 0, 1, 0, 0, 0, 1, 0, 0, 0, 1, 0, 0, 0, 0, 1, 0, 1, 1, 0, 0, 0, 1, 1, 1, 0, 1, 1, 0, 1, 0, 0, 0, 1, 1, 0, 1, 0, 1, 1, 1, 1, 1, 0, 0, 1, 0, 0, 1, 1, 1, 0, 0, 1, 0, 1, 1, 1, 1, 0, 0, 0, 0, 0, 1, 0, 0, 0, 0, 1, 0, 0, 0, 1, 0, 0, 1, 0, 0, 1, 1, 0, 0, 0, 0, 0, 0, 0, 0, 0, 0, 0, 0, 0, 1, 0, 1, 0, 1, 0, 0, 0, 0, 1, 0, 0, 1, 0, 0, 0, 0, 1, 0, 0, 0, 0, 0, 1, 0, 1, 1, 0, 0, 1, 0, 0, 0, 1, 1, 1, 1, 1, 0, 0, 1, 0, 1, 0, 1, 0, 1, 0, 0, 1, 0, 1, 1, 1, 0, 0, 0, 0, 0, 0, 1, 1, 1, 0, 0, 1, 1, 0, 1, 1, 0, 0, 0, 0, 1, 0, 1, 0, 0, 0, 1, 1, 1, 0, 0, 0, 0, 0, 0, 0, 0, 0, 0, 0, 0, 0, 0, 1, 0, 1, 0, 0, 1, 1, 0, 0, 0, 0, 0, 0, 1, 1, 0, 0, 1, 1, 0, 0, 1, 0, 0, 1, 0, 0, 0, 0, 1, 0, 0, 0, 1, 1, 0, 1, 1, 1, 1, 1, 1, 0, 0, 1, 0, 0, 1, 0, 0, 0, 0, 1, 1, 1, 1, 1, 0, 1, 0]"
lodged,[1]
pres,"[1, 1, 1, 1, 1, 0]"
ence,"[0, 0, 1]"
kind,"[1, 0, 1, 1, 1, 0, 1, 1, 1, 1, 1, 1, 1, 1, 1, 1, 1, 1]"
least,"[1, 1, 1, 1, 1]"
heart,"[1, 1, 1, 1, 1, 1, 1, 1, 1, 1, 1, 1, 1, 1, 1, 1, 1, 1, 1, 1, 1, 1, 1, 1, 1, 1, 1, 1, 1, 1, 1, 1, 1, 1, 1, 1, 0, 0, 0, 1, 1, 0, 1, 1, 1, 1, 1, 1, 1, 1, 1]"
ed,"[0, 0, 1, 1, 0, 1]"
fast,"[1, 1, 1, 1]"
wane,[1]
growst,"[1, 1, 1]"
partest,[1]
youn,[1]
gly,"[0, 0, 1, 0, 0]"
bes,"[0, 0]"
towst,[1]
mayst,"[1, 0, 0, 1, 1, 0, 1, 0, 1, 1, 0]"
call,"[0, 1, 1, 1, 1, 1, 1, 1, 1, 1]"
vertest,[1]
rein,"[1, 1, 1, 1, 1, 1, 0, 1, 0]"
wis,"[1, 0]"
dom,"[0, 0, 0, 0, 0, 0]"
thout,"[1, 1, 1, 1, 1, 1, 1, 1]"
fol,"[1, 1, 1]"
cay,"[1, 1, 1, 1, 1, 1, 1, 1, 1]"
min,"[1, 1, 1, 1, 1]"
ded,"[0, 0, 0, 0, 0, 0, 0, 0, 0, 0, 0, 0, 0, 0, 0, 1, 0]"
three,"[1, 0, 0, 0, 0, 0, 0, 1, 0]"
score,"[0, 1]"
year,"[1, 0, 1, 1, 1]"
would,"[0, 0, 0, 1, 1, 1, 0, 0, 0, 0, 1, 0, 1, 1, 0, 0, 1, 0, 1, 1, 0]"
whom,"[0, 1, 0, 1, 1, 1, 1, 0, 1, 1, 0, 1]"
store,"[1, 1, 1, 1, 1, 1, 1, 1, 1, 1]"
harsh,[0]
fea,"[1, 0]"
rude,"[1, 0, 1, 0, 0]"
ba,"[0, 0, 1, 1, 1, 1, 1, 1, 1, 1, 1]"
rren,"[1, 1, 0, 0, 0, 0]"
perish,[1]
best,"[1, 0, 1, 1, 0, 1, 0, 1, 1, 1, 1, 1, 1, 1, 1, 1, 1, 1, 1, 1, 0, 1, 1]"
en,"[0, 0, 0, 0, 0, 0, 0, 0, 0, 0, 1, 0, 1, 1, 1, 0, 0, 0, 0, 0, 0, 0, 0, 1, 0, 0, 0, 0, 0, 0]"
dowed,[1]
gave,"[1, 1, 1, 1, 0]"
gift,"[1, 1, 1, 1, 1]"
cherish,[1]
carved,[1]
seal,[1]
meant,[1]
print,"[0, 1]"
co,"[1, 1, 1, 0, 1, 1, 1, 1, 1, 1, 1, 0, 1, 0, 1, 0, 1, 0, 1]"
clock,"[1, 1]"
tells,"[1, 1]"
brave,"[1, 1, 1]"
sunk,[1]
night,"[1, 1, 1, 0, 1, 1, 1, 1, 1, 1, 1, 1, 1, 1, 1, 1, 1, 1, 1, 1]"
hold,"[1, 1, 1, 1, 0, 1, 1, 1, 1, 1, 0, 1, 1, 1, 1, 1, 1, 1, 1, 1]"
past,"[0, 1, 1, 1, 0, 0, 1, 0, 0]"
curls,[1]
sil,"[1, 1]"
vered,[0]
white,"[1, 1, 1, 1, 1, 1, 1]"
lof,"[1, 1]"
trees,[1]
erst,[1]
heat,"[1, 1, 1, 1]"
ca,"[1, 0, 1, 1, 1]"
herd,[1]
green,"[1, 1, 1, 1, 1, 1]"
gir,[1]
sheaves,[1]
borne,"[0, 1]"
bier,[1]
bris,[1]
tly,"[0, 0, 0, 0, 0, 0, 0, 0, 0, 0]"
beard,[1]
ques,"[1, 1]"
mong,"[1, 0, 1]"
wastes,"[1, 0]"
since,"[0, 1, 0, 1, 0, 0, 0, 0, 0, 0, 1, 1, 0, 1, 0, 0, 0, 0, 0, 0, 1, 0, 0, 1]"
ties,"[0, 1, 0, 0, 1, 0, 0, 0, 1]"
them,"[0, 1, 1, 0, 0, 0, 0, 0, 1, 0, 1, 1, 0, 0, 0, 0, 0, 0, 0, 0, 1, 0, 0]"
selves,"[1, 1, 1, 1, 1, 1]"
sake,"[1, 0, 1, 1, 1, 1, 1]"
grow,"[1, 0, 1, 1, 1, 1, 0, 0]"
scythe,"[1, 1, 1, 1]"
can,"[0, 1, 0, 0, 0, 1, 1, 1, 1, 1, 1, 0, 1, 1, 1, 1, 1, 1, 0, 1, 0, 1, 0, 1, 0, 0, 1, 1, 0, 1, 0, 1, 0, 0, 0, 0, 1, 1, 0, 0, 1, 1, 0, 1, 1, 0, 1, 1, 0, 0, 1, 0, 0, 1, 0, 1, 0, 1, 1, 1, 0]"
fence,"[1, 1, 1, 1, 1]"
save,"[0, 0, 0, 0, 0, 0, 0, 0]"
takes,"[1, 0, 1]"
hence,"[1, 1, 1, 1, 1, 0]"
you,"[0, 0, 1, 0, 0, 0, 0, 0, 1, 1, 0, 0, 1, 0, 0, 0, 1, 0, 0, 0, 1, 0, 0, 1, 1, 1, 1, 0, 1, 1, 1, 1, 1, 0, 1, 1, 1, 1, 0, 1, 1, 1, 0, 1, 0, 1, 1, 0, 0, 0, 0, 0, 0, 1, 1, 0, 1, 1, 1, 0, 1, 1, 1, 1, 1, 1, 1, 1, 0, 1, 0, 1, 1, 0, 1, 1, 1, 1, 1, 1, 0, 0, 1, 1, 1, 1, 0, 1, 0, 0, 0, 0, 0, 0, 1, 0, 1, 1, 1, 0, 0, 1, 1, 1, 0, 0, 1, 1, 0, 1, 1]"
your,"[0, 0, 1, 0, 0, 1, 1, 0, 0, 0, 1, 0, 0, 0, 1, 0, 1, 0, 0, 0, 0, 1, 1, 0, 0, 0, 0, 0, 0, 0, 0, 1, 0, 1, 0, 0, 0, 0, 0, 0, 0, 0, 0, 0, 0, 0, 0, 0, 0, 1, 0, 0, 0, 0, 0, 0, 0, 1, 0, 0, 0, 0, 0, 0, 0, 0, 1, 0, 1, 0, 0, 0, 0, 0, 0, 0, 0, 0, 0, 0, 0, 0, 1, 0, 0, 0, 0, 0, 1, 0, 0, 0, 0, 0, 0, 0, 0, 0, 0]"
lon,"[1, 1, 1, 1, 1, 1, 1]"
ger,"[0, 0, 0, 0, 0, 0, 0, 0, 0, 0]"
yours,"[1, 1, 1, 1, 1]"
here,"[0, 0, 1, 1]"
ming,"[0, 0, 1, 0, 0]"
pre,"[0, 0, 0, 0, 0, 0, 1, 0, 1, 1, 1, 0, 1, 1, 1, 0, 0, 1, 0, 0, 0, 1, 0, 1, 1, 0, 1]"
pare,"[1, 1, 1, 1, 1, 1, 1, 1]"
blance,[0]
lease,"[1, 1, 1, 1]"
find,"[0, 1, 1, 1, 1, 1, 1, 0, 1, 1, 1, 1, 1, 0, 1, 1]"
mi,"[0, 0, 0, 1, 0, 0, 1, 0, 1, 1, 1, 1, 0, 1, 1]"
gain,"[1, 1, 1, 1, 1, 1, 1, 1, 1, 1, 1, 1, 1, 1]"
af,"[0, 0, 1, 0, 1, 0, 1, 0, 0, 0, 1, 1, 0, 1, 0, 0, 1, 1, 0, 1]"
selfs,[1]
lets,[1]
house,[1]
fall,"[0, 0, 1]"
nour,"[0, 0, 0, 0, 0, 0, 0, 1]"
phold,[1]
stor,[1]
gusts,[1]
rage,"[1, 1, 1, 1, 1]"
nal,"[0, 0, 0, 0, 0, 0, 0]"
hrifts,[0]
dear,"[1, 1, 1, 0, 1, 1, 1, 0, 1, 1, 1, 0, 1, 0, 1, 0, 1, 1, 0, 0, 0, 0, 0, 0]"
know,"[1, 0, 1, 1, 1, 1, 1, 1, 1, 1, 1, 1, 1, 1, 1, 1, 1]"
had,"[1, 0, 0, 0, 1, 1, 0, 1, 0, 0, 1, 0, 1, 1, 0, 0]"
stars,"[1, 1, 1, 1, 1]"
judge,"[1, 1]"
pluck,"[1, 0, 1, 1]"
thinks,"[1, 1, 1, 0, 1, 1]"
have,"[1, 0, 0, 1, 1, 0, 0, 1, 1, 1, 1, 0, 1, 0, 0, 0, 0, 0, 0, 1, 0, 1, 0, 0, 1, 1, 1, 1, 0, 1, 0, 1, 1, 0, 0, 0, 1, 0, 1, 0, 0, 1, 0, 0, 1, 0, 0, 0, 0, 1, 1, 0, 1, 0, 0, 0, 0, 1, 1, 0, 1, 1, 0, 1, 0, 1, 1, 0, 1, 1, 0, 1, 1, 0, 0]"
tro,"[1, 1, 1]"
good,"[1, 1, 1, 1, 1, 1, 1, 1, 0, 0, 1, 1, 1, 1, 1, 1, 0, 1]"
vil,"[0, 0, 0, 0]"
luck,[1]
plagues,[1]
dearths,[1]
sea,"[1, 1, 1, 1, 1, 1, 1, 1]"
sons,"[0, 0, 0, 0, 0, 0]"
qua,"[1, 1]"
tune,"[0, 0, 0, 0, 0, 0, 1, 0]"
brief,"[0, 0, 1]"
utes,"[0, 0, 0, 0]"
poin,[0]
thun,[1]
rain,"[1, 1, 0]"
wind,"[1, 1]"
prin,"[1, 1, 1]"
oft,"[1, 1, 1, 1, 1]"
dict,"[1, 0]"
knowl,"[1, 1, 1, 1]"
edge,"[0, 0, 0, 1, 0, 1, 1]"
rive,[1]
cons,"[1, 1, 1, 1, 1, 1, 1, 1]"
tant,"[0, 0, 0, 0, 0, 0, 0]"
read,"[1, 1, 1, 1, 1, 1]"
truth,"[1, 1, 1, 1, 1, 1, 1, 1, 1, 1, 1, 1, 1, 1, 0, 1, 1, 1, 1, 1, 1, 1, 1]"
ge,"[1, 1]"
thrive,"[1, 1]"
wouldst,"[1, 1, 0]"
vert,"[1, 0]"
prog,[0]
nos,[1]
cate,"[1, 1, 1]"
truths,"[1, 1]"
doom,"[1, 1, 1, 1]"
date,"[1, 1, 1, 1, 1, 1, 1]"
si,"[1, 1, 1, 1, 1, 1, 1, 1, 1, 1]"
grows,"[1, 0, 1, 1]"
holds,"[0, 1, 1, 1, 0]"
fec,"[1, 1, 1, 1, 1, 1]"
lit,"[1, 1]"
moment,[1]
huge,"[0, 0, 1]"
stage,"[1, 1]"
sen,"[1, 1, 0, 0, 1, 1]"
teth,"[0, 0, 0]"
nought,"[1, 1, 1]"
shows,"[1, 1, 1, 0, 0, 1]"
se,"[1, 1, 1, 1, 1, 1, 1, 1, 1, 1, 1, 1, 0, 1, 1, 1, 1, 1, 1]"
cret,[0]
fluence,[0]
comment,[1]
men,"[1, 1, 0, 1, 1, 1, 1, 1, 1, 1, 1, 0, 0, 0, 1, 0, 1]"
plants,[1]
cheered,[0]
sky,[1]
vaunt,[0]
ful,"[0, 0, 0, 0, 0, 0, 0, 0, 0, 0, 0, 0, 0, 0, 0, 0, 0, 0, 0, 0, 0, 1, 0, 0, 0, 0, 0, 0, 0, 0, 0, 0, 0, 0]"
height,"[1, 1, 1]"
wear,"[1, 1, 1]"
state,"[0, 1, 1, 1, 1, 1, 1, 1, 1, 1, 1, 1, 1]"
ceit,"[1, 1, 1]"
stay,"[1, 1, 1, 1, 1, 1, 1, 1, 1]"
sets,"[0, 0]"
rich,"[1, 0, 1, 1, 1, 1, 1, 0, 1, 1, 1, 1]"
llied,[0]
graft,[1]
migh,[1]
tier,[0]
blo,"[1, 1, 1]"
ody,"[0, 0, 0]"
rant,"[0, 0, 0]"
fy,"[1, 1, 1, 1, 1]"
means,"[1, 1, 1]"
bles,"[1, 1, 1, 0, 1, 1, 1, 1, 0, 1, 0, 0, 1]"
rhyme,"[1, 1, 1, 1, 1, 1]"
stand,"[1, 1, 1, 1, 1, 1, 1, 1]"
top,[1]
hours,"[1, 1, 1, 1, 1, 1, 1, 1, 1, 1, 1]"
mai,"[1, 1, 1]"
dens,[0]
set,"[1, 0, 1, 1, 1, 1, 0, 1, 1, 0, 1, 0]"
vir,"[1, 1, 1, 1, 1, 1, 1, 1, 1, 1, 1]"
tuous,"[0, 0, 0]"
wish,"[1, 1, 1, 1, 1]"
ker,"[0, 0, 0, 0, 0, 0, 0, 0]"
pain,"[1, 1, 1, 1, 1, 1, 1, 1, 1, 0, 1, 1, 1, 1, 1, 1, 1, 1, 0]"
coun,"[1, 1, 1, 1, 1, 1, 0, 1]"
feit,"[1, 1, 0, 0, 0]"
lines,"[1, 1, 1, 1, 1, 1, 1, 1]"
pen,"[1, 1, 1, 0, 1, 1, 1, 1, 1, 1, 1, 1, 1]"
cil,"[0, 0]"
pu,"[1, 1, 1, 1, 1, 1, 1, 1]"
nei,"[0, 1]"
ward,"[0, 0, 0, 0, 0, 0, 0, 0, 0, 0, 0, 0, 0, 0, 0, 1, 0]"
keeps,"[0, 1, 1, 1, 0]"
drawn,"[0, 1, 0]"
skill,"[1, 1, 1, 1, 1, 1, 1, 1]"
lieve,"[1, 1, 1, 1]"
verse,"[1, 1, 1, 0, 1, 1, 1, 1, 1, 1, 1, 1, 1, 1, 1, 1, 1]"
come,"[1, 1, 0, 1, 1, 0, 0, 1, 1, 0, 0, 1, 1, 0, 1, 1, 1]"
filled,"[1, 1, 0]"
serts,"[1, 1]"
heaven,"[0, 1, 1, 1, 1, 1, 1, 1]"
knows,"[1, 1, 1, 1, 1, 0, 0, 1, 1, 1, 0]"
hides,[1]
half,"[1, 1, 1]"
write,"[1, 1, 1, 1, 1, 1, 1, 1, 1, 1]"
num,"[1, 1, 1, 1, 1, 1, 1, 1]"
bers,"[0, 0, 0, 0, 0, 0]"
ber,"[0, 0, 0, 0, 0, 0, 0, 0]"
graces,"[1, 1]"
po,"[1, 1, 1, 1, 1, 0, 1, 1, 1, 1, 1, 1, 1, 1, 0, 1, 1, 1, 1, 1]"
et,"[0, 0, 0]"
tou,"[1, 1, 1, 1]"
neer,"[1, 1, 0]"
touched,[0]
earth,"[1, 1, 1, 1, 1, 1, 1, 1, 1, 1, 1, 1, 1]"
faces,"[1, 1]"
pa,"[1, 1, 0, 1, 0, 1, 1, 1, 0, 1, 1, 0, 1, 1, 1, 1]"
pers,[0]
yel,[1]
lowed,"[0, 0, 0]"
scorned,[1]
tongue,"[1, 1, 1, 1, 1, 1, 1, 1, 1, 1]"
rights,[1]
termed,[1]
ets,"[0, 0, 0, 0]"
stret,[1]
ched,"[0, 1, 0, 0, 0, 0]"
tre,"[0, 1, 0]"
tique,"[0, 0, 0, 0, 0]"
twice,"[1, 1]"
tem,"[1, 0, 1, 0, 1, 0, 1]"
ate,"[1, 0]"
rough,[0]
winds,"[1, 1]"
shake,"[1, 0, 1]"
dar,"[1, 1, 0]"
ling,"[0, 0, 0]"
buds,"[1, 0, 1, 1]"
short,"[1, 1, 0, 1, 1]"
hot,"[1, 1, 1]"
shines,"[1, 0]"
gold,"[1, 0, 1]"
ple,"[1, 0, 0, 0, 0, 0, 1, 0, 1, 0, 0]"
xion,"[0, 0, 0]"
dimmed,[1]
clines,[1]
chance,[1]
chan,"[1, 1, 0, 1]"
ging,"[0, 0, 0, 0, 0]"
course,"[1, 1, 1]"
trimmed,"[1, 1]"
fade,"[1, 1, 1]"
lose,"[1, 0, 0, 1, 1, 1, 1, 0, 1]"
ses,"[1, 1, 0, 1, 0, 1, 1, 0, 0, 0, 1, 1, 0, 1, 0, 0, 0, 1, 0, 0, 0, 0, 0, 0, 0, 1, 0, 0, 0]"
owst,[1]
brag,[1]
wan,"[1, 1, 1, 1, 1]"
drest,[0]
shade,"[1, 1, 1, 1]"
long,"[1, 1, 1, 1, 0, 1, 1, 0, 1, 1, 1, 0, 1]"
breathe,"[1, 1]"
vou,[1]
blunt,"[0, 1, 1]"
ons,[0]
paws,[1]
vour,"[1, 0]"
brood,[1]
keen,"[0, 1]"
teeth,[1]
fierce,"[0, 0]"
gers,"[0, 0, 1, 0, 0, 0]"
jaws,[1]
burn,"[1, 1, 0]"
glived,[0]
pho,[1]
enix,[0]
glad,"[1, 1]"
sor,[1]
fleetst,[1]
wha,"[0, 0]"
teer,"[1, 1]"
swift,"[0, 0, 0, 1, 1, 1]"
foot,"[1, 1, 0, 1]"
wide,"[0, 1, 0, 0, 0, 1, 1]"
hei,[1]
nous,[0]
crime,"[1, 1, 1, 1]"
carve,[1]
loves,"[1, 0, 0, 0, 0, 1, 0, 0, 1, 1, 0, 1, 1, 0, 1, 0, 0, 0, 0, 0, 1, 1, 1, 0, 1, 0, 1, 1, 0, 0, 0, 0, 0]"
draw,"[1, 1, 1]"
tain,"[1, 0, 1, 0, 0, 1, 0, 0, 0, 0, 1, 1, 0, 0]"
llow,"[1, 0, 0, 1, 0]"
pat,"[1, 1]"
tern,"[0, 0, 1]"
ceed,"[1, 1, 1, 1]"
worst,"[1, 1, 1, 1, 1, 1, 1]"
wrong,"[1, 1, 1, 1, 1, 1]"
young,"[1, 0, 1, 1]"
wo,"[1, 1, 1, 1, 1, 1, 1, 1, 1, 0]"
mans,"[0, 0, 0, 0, 0]"
painted,[1]
mas,"[1, 1]"
mis,"[1, 1, 0, 0, 0, 0, 1, 1, 1, 1, 1, 0, 1, 1, 1]"
tress,"[0, 0, 0, 0, 0, 0, 0, 0, 0]"
passion,[1]
quainted,"[1, 1]"
shif,[1]
false,"[0, 1, 1, 1, 0, 0, 1, 1, 1, 1, 1, 0, 1, 1, 1, 1, 1, 0, 0, 1, 1]"
mens,"[0, 0, 0, 0, 0, 0, 0, 0, 0]"
fashion,[1]
theirs,"[1, 0]"
rolling,[1]
gil,"[0, 0, 1, 1, 1]"
ob,"[1, 0, 1, 1, 0]"
ject,"[0, 0, 0, 0, 0, 0]"
whe,"[1, 0, 0, 1, 0, 1, 0, 0, 0, 1, 1, 0, 1]"
reu,[0]
gazeth,[1]
man,"[1, 0, 0, 1, 0, 1, 1, 1, 0, 1, 1, 1, 0, 1, 1]"
hue,"[1, 1, 1, 1, 1]"
hues,[1]
trolling,[1]
steals,[1]
souls,"[1, 1, 1]"
mazeth,[1]
wert,"[1, 1, 0]"
first,"[1, 1, 1, 1, 1, 1, 1, 1, 1, 1, 1, 1]"
cre,"[0, 1, 0, 0, 0, 0, 1]"
ated,[1]
till,"[0, 0, 1, 0, 0, 1, 1, 0, 0, 0, 0, 0, 0]"
wrought,"[1, 1]"
fell,"[1, 0, 1, 1]"
adot,[0]
ad,"[0, 1, 1, 1, 0, 0, 0, 0, 1, 0, 0, 1, 1, 1, 0, 1, 0, 0, 1, 0, 0]"
di,"[1, 0, 0, 0, 0, 0, 0, 0, 1, 1, 0, 1, 0, 0, 0, 0, 1, 0, 0, 1]"
feated,[1]
pur,"[1, 1, 1, 0, 1, 1, 1, 1, 1, 0, 1]"
pose,"[0, 0, 1, 1, 0, 0, 0]"
nothing,[1]
pricked,[1]
pleasure,"[1, 1, 1, 1, 1, 1]"
treasure,"[1, 1, 1, 1]"
muse,"[1, 1, 1, 0, 1, 1, 1, 1, 1, 1, 1, 1, 1, 1, 1, 1]"
stirred,[0]
hearse,"[1, 1, 1, 1, 1]"
cou,[1]
moon,"[1, 1, 1]"
seas,[1]
gems,[1]
prils,[0]
firs,[1]
tborn,[0]
things,"[0, 0, 1, 0, 0, 1, 0, 0, 1, 0, 1, 1, 0]"
rare,"[1, 1, 1, 1]"
ens,"[0, 0, 0, 0, 0, 0]"
air,"[1, 1, 1, 1]"
ron,[1]
dure,"[0, 1]"
hems,[1]
tru,"[1, 1, 1, 1, 1, 1, 1]"
dles,[0]
fixed,"[1, 1]"
arsay,[0]
sell,[1]
suade,"[1, 1]"
am,"[0, 1, 1, 1, 1, 0, 1, 0, 1, 1, 1, 0, 1, 0, 0, 1, 0, 0, 1, 0, 1, 1, 0, 1, 1, 0, 0, 0, 0, 0, 1, 1, 0, 0, 1, 0]"
fu,"[1, 1]"
rrows,"[0, 0, 0]"
pia,[0]
rai,"[1, 1]"
breast,"[1, 1, 1, 1, 1, 1, 1]"
el,"[1, 0, 0, 0, 0, 0, 0]"
wary,[1]
chary,[1]
nurse,[1]
babe,"[1, 1, 1, 1]"
ill,"[1, 0, 0, 1, 0, 1, 1, 1, 1, 0, 1, 1, 0, 1, 1, 0, 1, 1, 1, 0, 1, 0, 1, 1, 1]"
sume,[1]
slain,"[1, 1]"
gavst,"[1, 1, 1]"
put,"[1, 1, 1, 1, 1, 1, 0]"
side,"[1, 1, 1, 1, 1, 1, 1, 1, 1, 1]"
plete,"[1, 1]"
strengths,[1]
weak,"[1, 1, 1, 1]"
trust,"[1, 1, 1, 1, 1]"
ce,"[1, 1, 0, 0, 1, 1]"
rite,[1]
strength,"[1, 1, 1, 1, 1, 1]"
charged,"[1, 1]"
burt,"[1, 1, 1]"
hen,"[0, 0]"
quence,[1]
dumb,"[1, 1, 1, 1, 1, 1]"
speak,"[1, 1, 0, 0, 1, 0, 1, 0, 1, 1, 1, 0]"
plead,"[1, 1]"
rec,"[1, 1, 1, 1, 1]"
om,[0]
pense,"[1, 1, 1, 1, 1]"
pressed,"[1, 1, 1, 1, 1, 1, 1]"
learn,"[1, 1, 1, 1]"
lent,"[0, 0]"
writ,"[1, 1, 1, 1, 1, 1, 1]"
longs,"[1, 1]"
fine,"[0, 0, 1, 1]"
wit,"[1, 1, 1, 1, 1, 1, 1, 1, 1, 1]"
played,[1]
stelled,[1]
tis,"[0, 0, 0, 0, 0, 0, 0, 1, 0, 1, 0, 1]"
spec,[0]
tive,"[1, 0, 0, 0]"
pic,"[1, 1, 1, 1, 1]"
tured,"[0, 1]"
soms,"[0, 0, 0, 0]"
shop,[1]
han,[1]
gla,[1]
zed,"[0, 0]"
turns,"[0, 0, 1, 1]"
done,"[1, 1, 1, 1, 1]"
rethrough,[1]
peep,[1]
cun,"[1, 1, 1]"
want,"[1, 0, 0, 0, 1]"
grace,"[1, 1, 1, 1, 1, 1, 1, 1, 1, 1, 1, 1, 1, 1, 1, 1, 1, 1, 1]"
blic,"[0, 0, 0, 0]"
tles,[0]
boast,"[1, 1, 1, 1]"
whilst,"[0, 0, 0, 0, 0, 0, 0, 0, 0, 0, 0, 0, 0]"
tri,"[1, 0, 1, 1, 0, 0, 0, 1]"
umph,"[0, 1, 1]"
bars,"[1, 1]"
vo,"[0, 0, 0, 0, 1, 1]"
urites,[1]
spread,[1]
suns,"[0, 0]"
pride,"[1, 1, 1, 1, 1, 1, 1, 1, 1, 1, 1]"
frown,"[1, 1, 1]"
glo,"[1, 1, 1, 1, 1, 1, 1, 1]"
moused,[1]
fight,"[1, 1, 1]"
sand,"[0, 0, 0]"
vic,"[1, 0, 1]"
ries,"[1, 1, 1]"
once,"[0, 1, 1, 0, 0, 1, 1, 1, 0, 1]"
foiled,[1]
book,"[1, 1, 1, 1, 1, 0]"
ra,"[1, 1, 1, 0, 1, 0, 1, 0, 1, 1]"
got,"[1, 1, 1, 1, 1, 1, 1]"
toiled,[1]
move,"[1, 1, 1]"
moved,"[1, 1, 1, 1]"
lord,[0]
vas,"[1, 1, 1]"
rit,"[0, 0, 0, 0, 0, 0, 0]"
stron,"[1, 1, 1]"
knit,[1]
send,"[1, 1]"
em,"[1, 1]"
bas,"[0, 0, 1, 1, 1]"
sage,"[1, 1]"
poor,"[1, 1, 0, 0, 0, 1, 0, 0, 0, 1, 1, 0, 1, 0, 0, 0]"
hope,"[1, 1, 1, 1, 1, 1]"
star,"[1, 1, 1, 1]"
guides,[1]
moving,[1]
points,[0]
pect,"[1, 1, 1, 1, 1, 1, 1, 1]"
puts,[1]
ap,"[0, 0, 0, 0, 1, 0, 0, 1, 0, 0, 1, 0, 1, 0, 1, 0]"
rel,[0]
loving,"[1, 1]"
wort,"[1, 0, 1, 1, 1, 1, 1, 1, 1, 1]"
hy,"[0, 1, 0, 0, 0]"
res,"[0, 0, 0, 0, 0, 1, 0]"
toil,"[1, 1, 1, 1]"
haste,"[1, 1, 1]"
bed,"[1, 0, 1]"
spose,[1]
limbs,"[1, 1]"
tra,"[1, 1, 1, 0, 1, 1, 1]"
vel,"[0, 0, 0, 0, 0]"
tired,"[1, 0, 0]"
gins,[1]
jour,"[1, 1]"
ney,"[0, 0, 0]"
dys,"[0, 0, 0, 0]"
works,"[1, 1, 1, 1]"
pired,[1]
thoughts,"[1, 1, 1, 1, 1, 1, 1, 1, 1, 1, 1, 0, 0, 1, 1, 1, 1, 1]"
far,"[1, 1, 1, 1, 1, 0, 1, 1, 1, 0, 0, 1, 1, 1, 1, 1, 1]"
bide,"[1, 1, 1, 1]"
tend,"[1, 1, 1, 1, 0, 1, 1]"
zeal,[1]
ous,"[0, 0, 1, 1]"
droop,[1]
lids,"[0, 0]"
dark,"[1, 1, 1, 1]"
blind,"[1, 1, 1, 1, 1, 1]"
sents,[1]
sha,"[1, 1, 1, 1, 1, 1, 1, 1, 1, 1, 1, 1]"
sigh,"[1, 1, 1]"
view,"[1, 1, 1, 1, 1, 1, 1, 1, 1]"
je,"[1, 1, 1, 1, 1, 1]"
wel,"[0, 1, 0, 0, 1, 1]"
hung,"[1, 0]"
ghas,[1]
makes,"[0, 0, 1, 1, 1, 1, 1, 1]"
black,"[1, 0, 0, 0, 0, 1, 1, 0, 1, 1, 1, 1, 1]"
thus,"[1, 1, 0, 0, 0, 1, 0, 1, 0, 0, 0, 0, 1, 0, 0, 1, 0, 0, 1, 0]"
qui,"[1, 0, 0, 0]"
turn,"[1, 1, 1, 1, 0, 0, 1, 1, 1, 0, 0]"
plight,[1]
barred,[1]
fit,"[1, 0, 1]"
op,"[0, 0, 0]"
eased,"[1, 1]"
mies,"[1, 1]"
ei,"[1, 1, 1, 0, 1]"
reign,"[1, 1]"
sent,"[1, 0, 0, 0, 0, 0, 0, 0, 0, 0]"
hands,"[1, 1]"
plain,"[1, 0]"
fart,"[1, 1, 1, 1, 1, 1]"
off,"[1, 1]"
please,"[1, 1, 1, 1]"
clouds,"[1, 1, 1, 0]"
blot,"[1, 1, 1]"
flat,"[1, 0, 1, 1, 1, 1, 1]"
swart,[1]
plex,[1]
ioned,[0]
spar,[1]
kling,[0]
twire,[0]
gildst,[1]
even,"[1, 0, 1, 0, 0, 0, 0, 0, 0, 0, 0, 0, 0, 0, 0, 1]"
dai,"[1, 1, 1]"
longer,[1]
nigh,"[1, 1]"
griefs,"[0, 1]"
length,[1]
stronger,[1]
cast,"[0, 1, 1]"
trouble,[1]
deaf,[0]
boot,"[1, 1]"
cries,"[1, 0]"
curse,"[1, 1]"
fate,[1]
hing,"[1, 1, 0, 0]"
friends,"[1, 1, 1, 0, 1, 1]"
scope,"[1, 1, 1, 1, 1]"
these,"[0, 0, 0, 0, 0, 0, 1, 1, 1, 1, 1, 0, 0, 0, 1, 0, 1, 1, 1, 0, 0, 0]"
des,"[0, 0, 0, 0, 0, 0, 0, 1]"
pising,[1]
think,"[1, 1, 1, 1, 1, 1, 1, 0, 1, 1, 1, 0, 0, 1, 1]"
lark,[1]
break,"[1, 1, 1, 0]"
aris,[0]
llen,"[0, 0]"
hymns,"[1, 1]"
gate,[1]
wealth,"[0, 1, 1, 1, 1, 1]"
brings,"[1, 0]"
scorn,"[1, 1]"
kings,"[1, 0, 1]"
sions,[0]
mon,"[0, 0, 0, 0, 1, 0]"
lack,"[1, 1, 1, 1, 0, 1, 1]"
sought,[1]
woes,[1]
drown,[1]
flow,[1]
hid,"[0, 1, 1]"
celled,[0]
woe,"[1, 1, 1, 1, 1, 1, 1, 1, 1, 1, 1]"
moan,"[1, 1, 1, 1, 1]"
van,"[1, 0, 1, 1, 1, 1, 1]"
ished,"[0, 0, 0, 0, 0]"
grieve,[1]
grie,[1]
sad,"[1, 1, 0, 1, 1, 0, 1]"
fo,"[1, 1, 1, 1]"
moaned,[0]
paid,[1]
while,"[1, 0, 0, 0, 1, 0]"
friend,"[1, 1, 1, 1, 1, 1, 1, 1, 1, 1, 1, 1]"
los,[1]
stored,[1]
ared,[0]
hearts,"[1, 0, 0, 0, 1, 1, 1, 0, 0, 0, 1]"
lac,[1]
sup,"[0, 0, 0, 0, 0]"
dead,"[1, 1, 0, 0, 1, 1, 1, 1, 1, 1, 1, 1, 1, 1, 0, 1]"
reigns,[0]
quious,"[0, 0]"
tear,[1]
gious,[0]
stoln,"[0, 1, 1, 1, 1]"
terest,[0]
pear,"[1, 1, 1, 1, 1]"
lie,"[1, 1, 0, 1, 1, 1, 1, 1, 1, 1, 1, 1]"
ried,"[0, 0, 0]"
phies,[0]
vers,"[0, 0, 0, 0, 0, 0]"
ges,"[1, 1, 0, 0, 0, 0]"
sur,"[0, 0, 0, 0, 1, 1, 0, 0, 0]"
vive,"[1, 1]"
bones,[1]
dust,"[1, 1]"
cover,[1]
vey,"[1, 1, 1]"
ased,"[0, 0]"
lover,[1]
bet,"[1, 1, 1, 1, 0, 1, 1, 1, 1, 1, 1, 1, 1, 1, 1, 1, 1, 0, 0, 1, 1]"
tring,"[0, 0]"
stripped,[1]
serve,"[1, 1, 1, 1]"
vouch,"[0, 0]"
safe,"[1, 1]"
grown,"[0, 0, 1, 1]"
gro,"[1, 0]"
wing,"[0, 0, 1, 1, 1, 1, 1, 0, 1]"
er,"[0, 0, 0, 0, 0, 0, 0, 0]"
birth,"[1, 1, 1, 1, 1]"
brought,"[1, 1, 1]"
march,[1]
ranks,[1]
qu,"[0, 0]"
ipage,[1]
died,"[1, 1]"
style,"[1, 1, 1]"
full,"[0, 0, 1, 1, 1, 0, 0, 0, 0, 0, 1, 0, 1]"
rious,"[0, 0, 0, 0]"
seen,"[1, 1, 1, 1, 1, 1, 1, 1, 1, 1, 1, 1, 0]"
moun,"[1, 1, 1]"
tops,[1]
vereign,"[0, 0, 0, 0]"
kis,[0]
mead,[1]
ows,[0]
pale,"[0, 1]"
streams,[1]
che,"[0, 1, 0, 1, 1]"
non,"[1, 1]"
mit,"[1, 1, 0, 1, 1]"
sest,"[0, 0, 0]"
ride,"[1, 1, 1]"
ug,[1]
rack,[1]
les,"[1, 1, 1]"
lorn,[0]
vis,[1]
hide,"[1, 1, 1, 1, 1]"
steal,"[0, 1, 1, 0, 1, 1, 1, 1, 0]"
west,"[1, 1, 0, 1]"
morn,"[1, 1]"
shine,"[1, 1, 0, 1]"
um,"[1, 1]"
phant,"[0, 0]"
splen,[1]
dour,"[0, 0, 0, 0]"
hour,"[0, 1, 1, 1]"
gion,[0]
cloud,"[1, 1]"
masked,"[1, 1, 0, 0]"
whit,[1]
daineth,[1]
stain,"[1, 1, 1]"
heavens,[1]
staineth,[1]
didst,"[1, 1, 1]"
prom,[1]
ise,[0]
forth,"[1, 1, 1, 1, 1, 0]"
cloak,[1]
base,"[0, 1, 1, 0, 0]"
take,"[1, 1, 0, 0, 1, 1, 1, 1, 1, 1, 0, 1, 1, 1, 1, 1]"
brav,[1]
rot,[1]
smoke,[1]
nough,"[1, 1, 1, 1, 1]"
storm,[0]
beat,"[1, 0]"
salve,"[1, 1]"
heals,[1]
wound,"[1, 1, 0, 1]"
cures,[1]
phy,"[1, 1]"
grief,"[1, 1, 1, 1, 1]"
loss,"[1, 1, 1, 1, 1, 1, 1, 1, 1]"
fen,"[1, 1, 1, 1]"
ders,"[0, 0, 0]"
rrow,"[0, 0, 0, 0, 0, 0, 0]"
lief,[1]
bears,"[1, 1, 1]"
cross,"[1, 1, 1]"
tears,"[1, 1, 1, 1, 1]"
pearl,[1]
sheds,[1]
ran,"[1, 0, 1, 1, 1, 0]"
deeds,"[1, 1, 1, 1, 1, 1, 1, 1, 1, 1]"
grieved,[1]
ro,"[0, 0, 1, 0, 1, 1, 1, 1]"
thorns,"[1, 1, 1]"
foun,"[1, 1, 1, 1]"
tains,"[0, 1]"
mud,[1]
clip,"[1, 1]"
both,"[0, 0, 0, 1, 0, 1, 1, 0, 1, 0, 0, 1, 1, 0, 1, 1, 0]"
loath,[1]
est,"[0, 0, 0, 0, 0, 0, 0, 0, 0, 0, 0, 0]"
faults,"[1, 1, 1, 0, 1, 1, 1, 1]"
tho,"[1, 1]"
zing,"[1, 0, 0]"
tres,"[1, 1, 1]"
pass,"[0, 1, 1, 0, 0, 1]"
rrup,[1]
sal,"[1, 0, 0, 0]"
miss,"[1, 1]"
sins,"[0, 0, 1]"
sual,"[0, 0]"
fault,"[1, 1, 1]"
bring,"[1, 0, 1, 1, 0, 1, 0, 0]"
sense,"[1, 1, 1, 1]"
par,"[1, 1, 0, 1, 1, 0]"
law,"[1, 1]"
mence,[1]
ci,"[1, 1, 0, 1, 1, 0, 0, 0, 0, 1, 1]"
needs,"[1, 1, 1, 0, 1]"
thief,"[1, 1, 1, 1]"
sour,"[1, 0, 1, 1]"
robs,"[1, 1]"
fess,[1]
two,"[0, 0, 1, 1, 1, 1, 0, 0, 0]"
twain,"[1, 1, 1]"
alt,"[0, 0, 0, 0, 0, 0, 0, 0, 0]"
hough,"[1, 1, 1, 1, 1, 1, 1, 1, 1]"
our,"[0, 1, 0, 1, 0, 0, 0, 0, 0, 0, 0, 0, 0, 0, 1, 0, 0]"
blots,[1]
main,"[1, 1, 1, 1, 1, 0, 1]"
help,"[1, 1, 1, 0]"
sole,[1]
lest,"[0, 0, 0, 1, 1, 0, 0, 0, 0]"
wai,"[1, 1, 1]"
led,"[0, 0]"
guilt,[1]
name,"[1, 1, 1, 1, 1, 1, 1, 1, 1, 1, 1, 1, 1, 1, 1, 1, 1]"
sort,"[1, 1, 1]"
being,"[0, 0, 0, 0, 0, 0, 0, 0, 0, 0, 0, 0, 1, 1, 0, 0]"
port,"[1, 1, 1, 1, 1, 1]"
pit,"[0, 1]"
lame,"[1, 1, 1]"
tunes,"[0, 0, 0]"
fort,"[0, 0, 0, 0, 0]"
tled,"[0, 0]"
crow,"[1, 1, 1, 0]"
sit,"[1, 1, 1]"
graf,[1]
spised,[1]
suf,"[0, 1, 1, 1, 1, 1, 0]"
ficed,[1]
vent,"[1, 1, 1]"
pourst,[1]
ar,"[1, 1, 1, 1, 1, 1, 1]"
gu,"[0, 0, 0, 0, 0, 0, 0]"
llent,[1]
vul,"[1, 1, 1]"
thanks,[1]
aught,"[1, 1]"
ru,"[1, 0, 1, 0, 1]"
whos,[1]
tenth,[1]
nine,[1]
rhy,[1]
slight,"[0, 0]"
ners,"[0, 0, 0, 0, 0, 0, 0]"
ist,"[0, 0]"
us,"[1, 0, 1, 1]"
servst,[1]
ab,"[1, 1, 1, 1, 1, 1, 1, 1]"
sence,"[0, 0, 0, 0, 0]"
isure,"[0, 0, 0]"
teach,"[1, 1, 1, 1]"
prai,"[1, 0, 1, 1, 1, 1]"
yea,[0]
hadst,"[1, 1]"
ceivest,"[1, 1]"
blame,"[1, 1, 1, 1]"
usest,[1]
blamed,"[1, 1]"
wil,"[1, 1, 1, 1]"
taste,"[1, 1, 1, 1]"
fusest,[1]
rob,"[1, 0, 1]"
bery,"[0, 0]"
gre,"[1, 1, 1]"
ater,"[0, 0, 0]"
greater,"[0, 1]"
hates,[1]
known,[0]
ju,"[0, 1, 0, 1, 0, 0, 0]"
las,"[0, 0, 1, 1, 1]"
vious,"[0, 0, 0]"
kill,"[0, 1, 1, 1, 0]"
spites,[1]
foes,"[1, 1, 1]"
pret,"[1, 1, 1]"
wrongs,"[1, 1]"
years,"[1, 0]"
fits,"[1, 1]"
pta,"[1, 1]"
llows,[0]
won,"[1, 1, 1, 1, 1, 1, 1]"
sailed,"[1, 0]"
woos,[1]
vailed,[1]
ay,"[0, 0]"
mightst,"[1, 1]"
seat,"[1, 1]"
stra,[1]
ying,"[0, 0, 0, 0]"
lead,"[1, 1]"
ot,[0]
forced,"[1, 1]"
fold,"[0, 1]"
hers,"[0, 0]"
pting,[0]
said,"[1, 1, 1]"
dearly,[1]
nearly,[1]
found,"[1, 1, 1, 1, 0, 1, 1, 1, 1, 1, 1, 1, 1]"
lay,"[1, 1]"
heres,[1]
tery,"[0, 0, 0]"
wink,"[1, 1]"
spected,[1]
sleep,"[1, 1, 1, 1, 1]"
dreams,"[1, 1]"
kly,"[0, 0, 0]"
rected,[1]
clear,"[0, 1, 1, 1]"
eing,"[0, 0, 0, 0, 0]"
avy,"[0, 0, 0, 0, 0, 0]"
nights,"[1, 1]"
dull,"[0, 0, 1, 1, 1, 1]"
flesh,"[1, 0, 0]"
tance,"[0, 0, 0, 0, 0, 0]"
space,[1]
mote,[1]
mat,"[1, 1, 1]"
hest,"[0, 0]"
nim,"[1, 1]"
jump,[1]
land,[1]
soon,"[1, 1, 1, 1, 1]"
kills,[1]
leap,"[1, 1]"
large,"[0, 0, 1, 1, 0]"
lengths,[1]
miles,"[1, 1]"
wa,"[1, 1, 1, 1, 1, 1, 1, 1]"
cei,"[1, 1]"
ments,"[1, 1, 1, 0, 0, 0, 0, 1, 0, 1]"
slow,"[1, 1, 1, 1, 1]"
bad,"[0, 1, 1, 1, 1, 1, 1, 1, 0]"
fire,"[1, 1, 1, 1, 1, 1, 1, 1, 1, 1]"
tab,[1]
slide,[1]
quic,"[1, 1]"
sy,"[1, 1, 0, 0]"
four,[1]
sinks,[0]
down,"[1, 0, 1, 1, 1]"
lan,[0]
choly,[1]
lifes,[0]
cured,"[1, 1]"
mes,[1]
turned,"[1, 1, 0]"
sured,"[1, 0, 1, 1]"
health,"[1, 1, 1, 1]"
told,"[1, 1, 1, 1, 1]"
straight,"[1, 1, 1, 1, 1, 1]"
vide,"[1, 1]"
bar,[1]
right,"[1, 1, 1, 1, 1, 1, 1, 0, 0, 0, 1]"
clo,"[1, 1, 0]"
pierced,[1]
crys,[1]
dant,"[0, 0]"
says,"[1, 0, 1, 0, 0, 1]"
ance,[0]
lled,"[1, 0]"
nants,[0]
moi,[1]
ety,[0]
wixt,[1]
league,[1]
took,"[1, 1, 1, 0, 0]"
fam,[1]
sighs,[1]
smother,[1]
feast,"[1, 1, 1]"
quet,[0]
bids,[1]
guest,"[1, 1]"
share,[1]
wakes,[1]
care,"[1, 1, 1, 0, 1, 1, 1, 1]"
fle,[0]
thrust,[1]
nu,"[1, 0, 0, 0, 0]"
hood,"[0, 0]"
wards,"[1, 0, 0, 1, 0, 1]"
wels,"[0, 0]"
fles,[0]
prey,"[1, 1]"
locked,[0]
chest,"[1, 1, 1]"
feel,"[1, 1, 1, 1]"
whence,"[1, 0, 0]"
thence,"[1, 1, 1, 1, 0, 1, 1, 1]"
proves,"[0, 1]"
thie,"[1, 1]"
vish,"[0, 0]"
prize,"[1, 1, 1]"
fects,[1]
ut,"[1, 0]"
called,"[0, 1, 1]"
vised,"[1, 1]"
pects,[1]
strange,"[1, 0, 1, 1, 1, 1, 1, 0]"
scarce,[1]
greet,"[1, 1]"
rea,"[1, 1, 1, 1, 1, 1, 1, 1]"
sconce,[1]
sert,"[1, 1, 1]"
rear,"[1, 1]"
guard,"[1, 1]"
laws,[1]
lege,"[1, 1]"
cause,"[1, 1, 1, 1, 1]"
vels,"[0, 0]"
case,"[1, 1, 1]"
mea,"[1, 1]"
beast,"[1, 1]"
red,"[0, 1, 0, 0, 0, 0, 1, 1, 1, 1]"
plods,[0]
dul,[1]
weight,[1]
ins,"[0, 1]"
tinct,[1]
wretch,"[1, 1]"
speed,"[1, 1, 1]"
spur,"[1, 1]"
voke,[1]
thrusts,[1]
wers,"[0, 0]"
groan,"[1, 1, 1, 1]"
sharp,"[1, 1]"
spu,[1]
rring,[0]
need,"[1, 0, 1, 1, 1]"
horse,"[1, 1]"
pace,"[1, 0, 1]"
fectst,[0]
neigh,[1]
fie,[1]
race,[1]
jade,[1]
went,[0]
towards,"[0, 1]"
run,[1]
key,[1]
ploc,[1]
ked,[0]
blun,"[1, 1]"
point,"[1, 1]"
sel,"[1, 1, 0, 0, 1]"
feasts,[1]
lemn,[0]
stones,[1]
pla,[1]
ced,"[0, 0]"
cap,"[1, 1, 1]"
net,[1]
drobe,[0]
robe,[1]
spe,"[1, 1]"
cial,"[0, 0]"
blest,"[1, 1, 1]"
oned,"[0, 0, 0]"
lacked,"[1, 1]"
llions,[0]
scribe,[1]
nis,"[0, 0, 0]"
lens,[0]
cheek,"[1, 1, 1, 1]"
cian,[0]
tires,[1]
foi,[1]
deem,"[1, 1]"
blooms,[1]
dye,[1]
fumed,[1]
tinc,[0]
hang,"[0, 1, 1]"
breath,"[1, 1, 1, 1, 1, 1, 1]"
tue,"[0, 0, 0, 0, 0, 0, 0]"
wooed,"[1, 1]"
pec,[1]
dours,[0]
tills,[1]
mar,"[1, 1, 1, 1, 1]"
werful,"[0, 0]"
tents,"[1, 1]"
uns,"[1, 0]"
wept,[0]
stone,"[1, 1, 1]"
smeared,[1]
slut,[1]
tish,[0]
sta,"[1, 1]"
tues,[0]
broils,[1]
root,"[0, 0]"
mars,[1]
sword,[1]
wars,[1]
quick,"[0, 0, 0]"
llo,[0]
bli,"[1, 1]"
room,[1]
judg,"[1, 1, 1, 1, 1]"
rise,"[1, 0, 1]"
force,"[1, 1, 1]"
tite,"[1, 1, 1, 1]"
feed,"[1, 1, 0]"
layed,"[1, 1]"
ened,"[0, 0, 0]"
fill,"[1, 1, 1]"
hun,"[1, 1, 1, 1]"
gry,"[0, 0, 1]"
fulness,[1]
spirit,"[1, 1, 1, 1, 1, 1, 1, 1]"
dulness,[1]
terim,[0]
cean,"[0, 0, 0]"
shore,"[1, 1, 1]"
banks,[1]
thrice,"[1, 0, 1]"
wished,[1]
slave,"[1, 0, 1, 1, 1, 1]"
quire,[1]
dare,"[1, 1, 1]"
worl,[1]
dwi,[0]
watch,"[1, 0]"
bit,"[1, 0, 1, 1, 1, 0]"
vant,[0]
dieu,[1]
jeal,[1]
fairs,"[1, 1]"
fool,"[1, 1, 0, 1]"
god,"[1, 1, 1, 1, 0]"
trol,"[1, 1, 1]"
crave,[1]
bound,"[1, 0]"
leisure,[1]
fer,"[0, 0, 0]"
beck,[1]
tience,"[0, 0]"
tame,[1]
ferance,[0]
check,"[1, 0, 1]"
list,[1]
char,"[1, 1, 1]"
priv,"[1, 1]"
don,[0]
wait,"[1, 1]"
hell,"[1, 1, 1, 1, 1, 1, 1]"
been,"[1, 1, 0, 1, 0, 1]"
brains,[1]
guiled,[1]
labour,[1]
cond,"[0, 0, 0, 0]"
five,"[0, 0, 0]"
dred,[0]
cour,[1]
cha,"[1, 1, 1]"
rac,"[0, 0, 0]"
whether,"[0, 0]"
lu,"[1, 0]"
wits,"[1, 1]"
jects,"[0, 0, 0, 0]"
worse,"[1, 1, 1, 1, 1]"
given,"[1, 1]"
waves,[1]
peb,[1]
bled,"[0, 0]"
has,[1]
goes,"[1, 1]"
quent,"[0, 0]"
crawls,[0]
crowned,"[1, 1, 1]"
cro,"[0, 1]"
oked,"[1, 0]"
trans,"[0, 0, 0, 0, 0]"
fix,[1]
flou,[1]
rish,[0]
delves,[1]
llels,[1]
feeds,"[0, 1]"
stands,"[1, 0, 0]"
mow,[1]
cru,"[1, 1, 1, 1, 1, 1]"
open,[1]
slum,[1]
broken,[1]
mock,"[1, 1, 1]"
spi,"[1, 1, 1, 1]"
sendst,[1]
home,"[1, 1, 1]"
pry,[1]
shames,"[1, 1]"
id,"[1, 1, 1]"
ure,"[0, 0]"
lousy,[1]
wake,"[1, 1]"
feat,[1]
wat,"[1, 1]"
chman,[0]
near,"[1, 1, 1, 0, 1]"
seth,"[0, 0]"
soul,"[1, 1, 1, 1, 0, 0, 1, 1, 1, 1]"
groun,"[1, 0]"
worths,"[1, 1]"
mount,[1]
deed,[1]
chopt,[1]
tanned,[1]
flo,"[1, 1]"
ni,"[1, 0, 0, 0, 0, 0, 0, 0, 0]"
crushed,[0]
worn,"[1, 0, 1, 1, 1, 1, 1]"
drained,[1]
trav,[1]
elled,[0]
ste,"[1, 1]"
epy,[0]
hes,"[0, 0]"
va,"[1, 1, 1, 0, 1]"
knife,"[1, 1, 1, 1]"
cut,[1]
faced,[1]
cost,"[1, 1]"
towers,[1]
rased,[1]
brass,"[1, 1, 1, 1]"
tage,"[0, 0, 0, 0]"
firm,[0]
soil,"[1, 1]"
creas,[1]
taught,"[1, 1, 1, 0, 1]"
nate,"[1, 1]"
choose,[1]
fears,"[1, 1, 1, 1, 1, 1]"
dless,"[0, 0, 0]"
sways,[1]
power,"[1, 1, 1, 1, 1, 1, 1, 1, 1]"
flower,"[1, 1, 1, 1, 1]"
wrack,"[1, 1]"
bat,[1]
rocks,[1]
preg,[1]
stout,[1]
gates,[1]
steel,"[1, 1, 0]"
cays,[1]
spoil,[1]
cle,"[1, 1]"
ink,"[1, 1]"
cry,"[1, 1, 1]"
beg,"[1, 0]"
born,"[1, 1, 1, 1, 1, 0, 1]"
edy,[0]
jo,"[1, 1, 0]"
lli,[0]
faith,"[1, 1, 1, 0, 1]"
nhap,[1]
fors,"[0, 0, 0, 0]"
placed,[1]
strum,[1]
graced,[1]
lim,"[1, 1]"
ping,"[0, 0]"
sway,"[1, 1]"
sab,[1]
guetied,"[0, 0, 0, 0]"
doc,[1]
sim,"[1, 0, 1, 0, 1]"
pli,[1]
hieve,[1]
lace,[1]
tate,[1]
krupt,[0]
gared,[1]
blush,[1]
veins,"[1, 1]"
quer,[0]
gains,[1]
stores,"[1, 1]"
last,"[1, 1]"
map,"[1, 1]"
lived,"[1, 1, 1, 1]"
tard,"[0, 0, 0]"
signs,[1]
durst,[1]
nha,[1]
pul,[0]
chres,[1]
shorn,[1]
fleece,[0]
gay,"[1, 1]"
bing,[1]
dress,[1]
yore,[1]
mend,"[1, 1, 1, 1]"
tongues,"[1, 1, 1, 1, 0]"
voice,[1]
tering,[1]
cents,[0]
shown,"[1, 1]"
guess,"[1, 1]"
churls,[1]
add,"[0, 1, 0, 0]"
rank,"[0, 1, 1, 0, 1]"
smell,"[1, 1, 1, 1]"
weeds,"[1, 1, 0, 1]"
cheth,[0]
slan,"[1, 0, 1, 0, 1, 1]"
sus,"[0, 0, 0]"
flies,"[1, 1, 1]"
vice,"[1, 0]"
sentst,[1]
pure,"[1, 1]"
tai,[1]
passed,"[0, 1]"
bush,[0]
tie,"[1, 1]"
vy,"[0, 1]"
larged,[1]
doms,[1]
owe,[1]
mourn,"[1, 1, 1, 1]"
bell,[1]
fled,"[1, 1]"
vile,"[0, 1, 1]"
nay,"[0, 0]"
line,"[1, 1, 1]"
haps,[1]
poun,[1]
clay,[1]
wise,"[0, 1]"
task,[1]
cite,[1]
vise,"[1, 1]"
llin,[0]
shamed,[1]
ye,"[1, 1]"
few,[1]
boughs,[1]
choirs,[1]
late,"[1, 1, 0, 1, 0]"
birds,"[0, 1, 1]"
sang,[1]
seest,"[1, 1]"
twi,[1]
deth,"[0, 0]"
seals,[1]
athbed,[1]
pire,[1]
sumed,[1]
rrest,[1]
bail,"[1, 1]"
rial,[0]
vie,[1]
crate,[1]
lost,"[1, 1, 1, 1]"
dregs,[1]
wret,"[1, 0, 1, 1, 1]"
chs,[0]
mains,[1]
food,[1]
soned,"[0, 0]"
showers,"[1, 1]"
ground,"[1, 1, 1]"
peace,"[1, 1]"
strife,[1]
twixt,"[1, 0]"
yer,[0]
doub,"[0, 1]"
fil,"[1, 1, 1]"
ching,"[0, 0]"
clean,[0]
ved,"[0, 0, 0, 0, 0]"
pine,"[1, 1, 1]"
glance,"[1, 1]"
thods,[0]
pounds,"[0, 0]"
word,"[1, 1]"
sho,[0]
ways,[0]
dres,"[1, 1]"
words,"[0, 1, 1, 1, 1, 1, 1, 1, 1]"
spen,[0]
ady,[0]
spent,"[1, 1, 1, 1, 1, 1]"
cant,[0]
minds,"[1, 1, 1]"
mou,[1]
thed,[0]
graves,[1]
als,[0]
stealth,[1]
gress,[0]
blanks,[1]
dren,[0]
nursed,[1]
liv,[1]
ered,"[0, 0]"
brain,"[1, 1, 1, 1, 1]"
quain,"[1, 1, 1]"
voked,[1]
sis,[1]
lien,[0]
perse,[1]
ig,"[1, 1]"
rance,"[1, 1]"
loft,[1]
fly,[1]
feath,"[1, 1]"
ers,"[0, 0, 0]"
arneds,[0]
dou,"[1, 1]"
pile,[1]
fluen,[0]
arts,"[1, 1]"
vance,[1]
aid,"[1, 1]"
cayed,[1]
sick,"[0, 1, 1, 1, 1, 1, 1]"
serves,[1]
vail,[0]
hier,[0]
pays,"[1, 1]"
stole,[1]
viour,[0]
ford,[1]
thank,[1]
owes,[1]
faint,[1]
kno,"[0, 0, 0]"
spends,[0]
fame,"[1, 1, 1]"
hum,"[1, 1]"
prou,"[1, 0]"
dest,"[0, 0]"
sail,"[1, 1, 1]"
sau,"[1, 1, 1]"
bark,"[1, 1]"
fe,"[1, 0, 1, 1]"
rior,[0]
broad,[0]
shal,[1]
lowest,[0]
loat,[1]
soun,[1]
wrecked,[1]
hless,"[0, 0]"
boat,[1]
tall,[0]
buil,"[1, 1]"
taph,[1]
rotten,[1]
gotten,[1]
yield,"[1, 1]"
tom,[1]
bre,[1]
athers,[0]
breathes,[1]
mouths,[1]
taint,[1]
wri,[1]
fin,"[0, 1, 0, 1, 1, 1]"
fres,[1]
stamp,[1]
bettering,[0]
strai,[1]
rhe,[1]
ric,"[1, 0]"
sym,[1]
thized,[1]
gross,"[0, 0]"
cheeks,"[1, 1, 1, 0]"
bused,[1]
saw,"[1, 1, 1, 1]"
debt,[1]
slept,[1]
dern,[0]
quill,"[1, 1]"
lence,"[0, 0, 1, 0, 1]"
pute,[1]
mute,"[1, 1]"
xam,"[1, 1]"
qual,[0]
grew,"[1, 1, 1, 1, 1]"
lean,[0]
glory,"[1, 1]"
writes,[1]
fies,[1]
story,"[1, 1]"
hly,[1]
piled,[1]
phrase,[1]
filed,[1]
clerk,[1]
hymn,[1]
fords,"[1, 1]"
pol,[1]
praised,"[1, 1]"
ripe,[1]
rits,"[0, 0, 0]"
bove,"[1, 1, 1, 1]"
struck,[1]
peers,[1]
hed,[1]
liar,[0]
ghost,[1]
gulls,[1]
tel,[1]
gence,[1]
tors,"[0, 1]"
nance,"[1, 0]"
rewell,[1]
sessing,[1]
knowst,"[1, 1, 1]"
es,"[1, 0, 0, 0, 0, 0, 0, 0]"
mate,[1]
leasing,[1]
bonds,"[1, 1, 1]"
granting,[1]
serving,[1]
wanting,[1]
swerving,[1]
knowing,[1]
taking,[1]
growing,[1]
comes,"[0, 1, 1, 1]"
making,[1]
dream,"[1, 0, 1]"
flatter,[1]
matter,[1]
posed,"[1, 0, 1, 1]"
cealed,[1]
tainted,[1]
gai,[1]
ner,"[0, 0]"
ben,"[1, 1]"
ub,[0]
vantage,[0]
halt,[1]
stran,[1]
walks,"[1, 1]"
fane,[1]
wronk,[1]
vow,"[1, 1, 0]"
bate,[1]
bent,"[1, 1]"
join,[0]
bow,"[1, 1]"
drop,[1]
scaped,[1]
sorrow,[1]
quered,[0]
morrow,[1]
lin,[1]
hrow,[1]
pet,"[1, 1]"
strains,[1]
pared,[1]
fan,[1]
gled,[0]
hawks,"[1, 1]"
hounds,[1]
hu,"[1, 1]"
mour,"[0, 0, 1, 1, 1, 1]"
junct,"[0, 0]"
finds,"[1, 1]"
lars,[1]
measure,[1]
eral,"[0, 0, 0]"
cher,[1]
costs,[1]
hor,[1]
term,[1]
pends,"[1, 1]"
pend,[1]
vex,"[1, 1]"
volt,[1]
whats,"[1, 0, 0]"
tred,[0]
nys,[0]
moods,[1]
frowns,[1]
cree,[1]
wor,"[1, 1]"
eves,[0]
hurt,[1]
righ,[1]
nhe,"[1, 1]"
tibey,[0]
lords,"[1, 1]"
ow,"[1, 1]"
braves,[1]
sou,[1]
fes,[1]
fra,[1]
spot,[1]
close,[1]
sto,"[1, 1]"
sport,"[1, 1]"
bi,[0]
chose,[1]
veil,[1]
heed,[1]
har,"[1, 1, 1]"
il,[0]
lused,[1]
thro,[1]
queen,[1]
teemed,"[1, 1]"
rrors,"[0, 0, 0, 0]"
tran,[0]
sla,[1]
deemed,"[1, 1]"
lambs,[1]
stern,[0]
wolf,[1]
tray,"[1, 1]"
lamb,[1]
zers,[0]
fleet,[1]
freez,[1]
ings,[0]
felt,[1]
cem,[1]
teem,"[1, 1, 1]"
tumn,"[0, 0]"
big,[1]
wid,[1]
owed,[0]
wombs,[1]
seemed,"[1, 1, 1]"
orp,[1]
hans,[0]
thered,[0]
fruit,[1]
sures,"[0, 0]"
cheer,[1]
dread,[0]
pied,[0]
dressed,[1]
trim,[1]
laughed,[1]
leaped,[1]
lays,"[1, 1, 1, 1]"
dif,"[1, 1]"
ferent,[0]
lap,[0]
lys,[0]
lion,[0]
ures,[0]
smells,[1]
soft,[1]
dwells,[1]
gros,[1]
sly,[0]
dyed,"[1, 1]"
dem,[1]
ram,[1]
hair,[1]
blus,"[1, 1]"
third,[1]
nexed,[1]
theft,[1]
growth,"[1, 1, 1]"
venge,"[1, 1]"
lour,"[0, 0, 0]"
getst,[1]
spendst,[0]
kening,[1]
kle,"[0, 0, 0]"
tire,[0]
spoils,[1]
fas,"[0, 1]"
ventst,[1]
ant,"[0, 0]"
mends,[1]
glect,"[1, 1]"
fied,[1]
mixed,"[1, 1]"
fice,[0]
seeming,[1]
dized,[1]
teeming,[1]
blish,[0]
wont,[1]
phi,[1]
mel,[1]
front,[1]
stops,[1]
pipe,[1]
hush,[1]
wild,[0]
hens,[0]
bough,[1]
pears,[1]
stri,[0]
gifts,[1]
eyed,[1]
seems,"[1, 0]"
rests,[0]
shook,[1]
springs,[1]
cess,"[0, 1]"
fumes,"[0, 0]"
junes,[0]
burned,[1]
ceived,"[1, 1]"
bred,"[1, 1, 1]"
lat,[0]
dol,[0]
songs,[1]
fined,"[1, 0, 1]"
rying,[1]
themes,[1]
kept,"[0, 1]"
chro,[1]
crip,"[1, 1]"
tions,"[0, 0, 1, 0, 0]"
wights,[1]
la,"[1, 0, 0]"
knights,[1]
bla,"[1, 1]"
zon,[0]
lip,[1]
phe,"[0, 1]"
cies,[1]
tic,"[0, 0, 1, 1, 1, 1, 0]"
ec,[0]
lipse,[1]
dured,[1]
gurs,[0]
cer,"[1, 1, 1, 1]"
crown,[1]
claims,[1]
drops,[1]
bal,[1]
scribes,[1]
sults,[1]
tribes,[1]
crests,[1]
tombs,[1]
gis,"[0, 0]"
press,"[1, 1, 1]"
merit,[1]
boy,"[1, 1, 1]"
prayers,[1]
vine,"[1, 1]"
hal,[1]
weighs,[0]
aye,[1]
page,[1]
asy,[0]
ranged,[1]
just,"[0, 0, 0, 1, 0]"
changed,[1]
reigned,[1]
frail,"[1, 1]"
kinds,[1]
ously,[1]
stained,[1]
tley,[0]
gored,[0]
sold,[0]
cheap,[1]
kance,[1]
blen,[1]
proved,"[0, 1, 1]"
grind,[1]
proof,"[1, 1, 1]"
try,[1]
ol,[1]
next,"[1, 0]"
guil,"[1, 1]"
dess,"[0, 0]"
harm,[1]
breeds,[1]
ceives,"[1, 1, 1]"
brand,"[1, 1, 1, 1, 1]"
dued,[1]
newed,[1]
tient,[0]
drink,"[1, 0]"
fection,[1]
rrect,[1]
cor,"[0, 1]"
rection,[1]
scan,"[1, 1]"
dal,[0]
stamped,[1]
strive,"[1, 1]"
steeled,[0]
aby,[0]
sm,[1]
throw,[1]
voi,[1]
cri,[1]
stopped,[0]
sides,"[1, 0]"
verns,[0]
bout,[1]
fun,[1]
ction,[0]
bird,[1]
latch,[1]
catch,"[1, 1, 0, 1]"
rudst,[1]
tlest,[0]
dove,[1]
shapes,[1]
feature,[1]
keth,[0]
archs,[0]
plague,"[1, 0, 1]"
saith,[0]
mons,[1]
gest,"[1, 1]"
bins,[1]
semble,"[1, 1]"
beams,[1]
seeing,"[1, 1]"
kin,[1]
drinks,[1]
gust,[1]
greeing,[1]
cup,[1]
poi,"[1, 1]"
gin,"[1, 0]"
dearer,[1]
knew,[1]
clearer,[1]
koning,[0]
mil,[1]
lioned,[0]
dents,[1]
creep,[0]
vows,[1]
crees,[1]
sharpst,[1]
riage,[0]
bends,[1]
xed,[0]
pests,[0]
shaken,"[1, 1]"
dring,"[0, 0]"
unk,"[0, 1]"
nown,"[1, 0]"
taken,"[1, 1, 1]"
lips,"[1, 1, 1, 1, 0, 1]"
weeks,[1]
rror,[0]
fre,[1]
purchased,[0]
hois,[1]
mise,[1]
shoot,[1]
wak,[1]
peal,[1]
ea,[1]
urge,"[1, 1]"
shun,"[0, 1]"
purge,[1]
ercloying,[0]
sweetness,[1]
feeding,[1]
fare,[0]
meetness,[1]
needing,[1]
pate,[1]
ills,"[1, 1]"
med,[1]
cine,[1]
drugs,[0]
feil,[0]
drunk,[1]
ren,"[0, 1, 1]"
becks,[0]
foul,"[1, 1, 1, 1, 0, 0, 1]"
ply,"[1, 1]"
hopes,"[1, 1]"
mitted,[1]
never,[1]
spheres,[1]
fitted,[1]
mad,"[1, 1, 0, 1, 1, 0, 1, 1, 1]"
fever,[1]
better,[1]
built,"[1, 0]"
buked,[1]
gres,[1]
nerves,[1]
ham,[1]
mered,[0]
yhave,[0]
weigh,[1]
fered,[0]
hard,[1]
hits,[1]
tendered,[1]
woun,[1]
proach,[1]
adul,[0]
spor,[1]
frai,[1]
ler,[0]
spies,[1]
wills,"[1, 1]"
level,[1]
kon,[0]
bevel,[1]
yond,[1]
cul,[0]
sist,[1]
razed,[1]
vion,[0]
missed,[1]
llies,[0]
bold,"[1, 1, 1]"
mids,[1]
dates,[1]
mire,[1]
foist,[1]
heard,[1]
cords,[1]
nual,[0]
fathered,[1]
gathered,[1]
fers,[0]
smi,[1]
pomp,[1]
falls,[1]
blow,[1]
thra,[1]
hion,[0]
leas,[1]
drowns,[1]
fools,[1]
weret,[0]
bore,"[1, 1]"
